missing_fraction,missing_predictor_fraction,max_predictor_missing_fraction,constant_predictor_fraction,feature_scale_p95_p05_ratio,binary_predictor_fraction,discrete_predictor_fraction,zero_fraction,median_abs_feature_skew,p90_abs_feature_skew,mean_abs_corr,high_corr_pair_fraction,mostly_binary_predictors,mostly_discrete_predictors,sparse_predictors,scale_unbalanced_predictors,skewed_predictors,redundant_predictors,balanced_predictors,predictor_profile,n_classes,is_binary_classification,is_multiclass_classification,min_class_share,max_class_share,target_entropy_norm,target_imbalance_ratio,target_balance,target_balanced,target_unbalanced,task,dataset,descriptor_status,target_abs_median,target_abs_mean,target_mean,target_std,target_range,target_cv_about_mean,target_skew,target_zero_fraction,target_value_scale,target_skew_level
0.0,0.0,0.0,0.0,2.8855583750296985,0.031,1.0,0.57738,0.8125720552384487,2.7428341761381057,0.01980655254801616,0.0,False,True,True,False,False,False,False,mostly_discrete;sparse,2.0,True,False,0.5,0.5,1.0,1.0,balanced_binary,True,False,classification,GAMETES_Epistasis_2_Way_1000atts_0.4H_EDM_1_EDM_1_1,ok,,,,,,,,,not_regression,not_regression
0.0,0.0,0.0,0.0,1.8662635718872507,0.0,1.0,0.56165625,0.7967344845850585,1.9702233182882807,0.020243140501796056,0.0,False,True,True,False,False,False,False,mostly_discrete;sparse,2.0,True,False,0.5,0.5,1.0,1.0,balanced_binary,True,False,classification,GAMETES_Epistasis_2_Way_20atts_0.1H_EDM_1_1,ok,,,,,,,,,not_regression,not_regression
0.0,0.0,0.0,0.0,4.287525155546735,0.1,1.0,0.59365625,0.9274231464103936,3.614877130420854,0.02158629669954591,0.0,False,True,True,False,False,False,False,mostly_discrete;sparse,2.0,True,False,0.5,0.5,1.0,1.0,balanced_binary,True,False,classification,GAMETES_Epistasis_2_Way_20atts_0.4H_EDM_1_1,ok,,,,,,,,,not_regression,not_regression
0.0,0.0,0.0,0.0,2.145273706675592,0.0,1.0,0.62834375,1.0267548287404513,2.293744706205578,0.020138543275497557,0.0,False,True,True,False,False,False,False,mostly_discrete;sparse,2.0,True,False,0.5,0.5,1.0,1.0,balanced_binary,True,False,classification,GAMETES_Epistasis_3_Way_20atts_0.2H_EDM_1_1,ok,,,,,,,,,not_regression,not_regression
0.0,0.0,0.0,0.0,2.4871977256363413,0.05,1.0,0.6376875,1.0208912832439108,2.318578201668773,0.020227677396813987,0.0,False,True,True,False,False,False,False,mostly_discrete;sparse,2.0,True,False,0.5,0.5,1.0,1.0,balanced_binary,True,False,classification,GAMETES_Heterogeneity_20atts_1600_Het_0.4_0.2_50_EDM_2_001,ok,,,,,,,,,not_regression,not_regression
0.0,0.0,0.0,0.0,1.9511981646582837,0.05,1.0,0.5470625,0.7516924956338267,2.2018169130976606,0.020325654097724497,0.0,False,True,True,False,False,False,False,mostly_discrete;sparse,2.0,True,False,0.5,0.5,1.0,1.0,balanced_binary,True,False,classification,GAMETES_Heterogeneity_20atts_1600_Het_0.4_0.2_75_EDM_2_001,ok,,,,,,,,,not_regression,not_regression
0.0,0.0,0.0,0.0,1.0297644790251286,0.0,0.0,0.0,2.9939047820961253,3.0629605447918595,0.9919933989327925,1.0,False,False,False,False,True,True,False,mostly_continuous;skewed;redundant,2.0,True,False,0.5,0.5,1.0,1.0,balanced_binary,True,False,classification,Hill_Valley_with_noise,ok,,,,,,,,,not_regression,not_regression
0.0,0.0,0.0,0.0,1.0182504841138893,0.0,0.0,0.0,3.2154484395400025,3.2967994460739565,0.9953880904323242,1.0,False,False,False,False,True,True,False,mostly_continuous;skewed;redundant,2.0,True,False,0.49504950495049505,0.504950495049505,0.9999292854321659,1.02,balanced_binary,True,False,classification,Hill_Valley_without_noise,ok,,,,,,,,,not_regression,not_regression
0.0,0.0,0.0,0.0,58496.80887280374,0.07142857142857142,0.35714285714285715,0.20800599016069307,0.7697908766773432,4.305592529770537,0.0689399661799567,0.0,False,False,False,True,False,False,False,mostly_continuous;scale_unbalanced,2.0,True,False,0.23928176569346055,0.7607182343065395,0.7938438393644257,3.1791734405749983,moderate_binary,False,False,classification,adult,ok,,,,,,,,,not_regression,not_regression
0.0,0.0,0.0,0.045454545454545414,10.516748977445683,0.2727272727272727,0.9545454545454546,0.2520899603772532,0.825329380439833,2.705901283926182,0.16315015461399268,0.004761904761904762,False,True,False,False,False,False,False,mostly_discrete,2.0,True,False,0.4809085328422345,0.5190914671577656,0.9989480654443034,1.0793974980852694,balanced_binary,True,False,classification,agaricus_lepiota,ok,,,,,,,,,not_regression,not_regression
0.0,0.0,0.0,0.06896551724137934,1216.9864022600536,0.7241379310344828,0.7931034482758621,0.559037554393535,3.603145245696854,9.678979041966484,0.08592131080895009,0.011396011396011397,False,False,True,True,True,False,False,mostly_continuous;sparse;scale_unbalanced;skewed,3.0,False,True,0.003711558854718982,0.9567868504772005,0.17356690013641443,257.7857142857143,unbalanced_multiclass,False,True,classification,allbp,ok,,,,,,,,,not_regression,not_regression
0.0,0.0,0.0,0.06896551724137934,1216.9708025779373,0.7241379310344828,0.7931034482758621,0.5590486379721834,3.6118657950057473,9.745292389441724,0.0859343920994514,0.011396011396011397,False,False,True,True,True,False,False,mostly_continuous;sparse;scale_unbalanced;skewed,4.0,False,True,0.0026518164942985947,0.9732166534075842,0.10202327972480581,367.0,unbalanced_multiclass,False,True,classification,allhyper,ok,,,,,,,,,not_regression,not_regression
0.0,0.0,0.0,0.06896551724137934,1216.607842190949,0.7241379310344828,0.7931034482758621,0.559032287569743,3.601979288662057,9.676330799230334,0.08601002816446042,0.011396011396011397,False,False,True,True,True,False,False,mostly_continuous;sparse;scale_unbalanced;skewed,3.0,False,True,0.025198938992042442,0.923342175066313,0.2904343241560544,36.642105263157895,unbalanced_multiclass,False,True,classification,allhypo,ok,,,,,,,,,not_regression,not_regression
0.0,0.0,0.0,0.06896551724137934,1216.9864022600536,0.7241379310344828,0.7931034482758621,0.559037554393535,3.603145245696854,9.678979041966484,0.08592131080895009,0.011396011396011397,False,False,True,True,True,False,False,mostly_continuous;sparse;scale_unbalanced;skewed,4.0,False,True,0.009013785790031814,0.9671261930010604,0.12995244439777073,107.29411764705881,unbalanced_multiclass,False,True,classification,allrep,ok,,,,,,,,,not_regression,not_regression
0.0,0.0,0.0,0.0,3792978.761830464,0.0,0.5,0.1,0.80666219659246,2.3143358386678674,0.2712064352335568,0.0,False,False,False,True,False,False,False,mostly_continuous;scale_unbalanced,2.0,True,False,0.5,0.5,1.0,1.0,balanced_binary,True,False,classification,analcatdata_aids,ok,,,,,,,,,not_regression,not_regression
0.0,0.0,0.0,0.0,126.44075953779443,0.3333333333333333,0.6666666666666666,0.3172690763052209,0.31642504647367203,0.3572825838247495,0.36110054871987624,0.0,False,False,False,True,False,True,False,mostly_continuous;scale_unbalanced;redundant,2.0,True,False,0.4457831325301205,0.5542168674698795,0.9915017866855546,1.2432432432432432,balanced_binary,True,False,classification,analcatdata_asbestos,ok,,,,,,,,,not_regression,not_regression
0.0,0.0,0.0,0.0,8.01964821969318,0.0,0.04285714285714286,0.11037880074740955,1.0304118727967384,2.1461826604988565,0.14842389025036848,0.0,False,False,False,False,False,False,False,mostly_continuous,4.0,False,True,0.06539833531510107,0.3769322235434007,0.8937080246130829,5.763636363636364,balanced_multiclass,True,False,classification,analcatdata_authorship,ok,,,,,,,,,not_regression,not_regression
0.0,0.0,0.0,0.0,9.869220191138432,0.0,0.0,0.013333333333333334,1.56175788566983,3.3741142151485,0.1583845149662787,0.0,False,False,False,False,False,False,False,mostly_continuous,2.0,True,False,0.5,0.5,1.0,1.0,balanced_binary,True,False,classification,analcatdata_bankruptcy,ok,,,,,,,,,not_regression,not_regression
0.0,0.0,0.0,0.0,4.851035754983135,0.3333333333333333,0.6666666666666666,0.26666666666666666,8.881784197001253e-17,0.698297248755176,0.06331143136646553,0.0,False,False,False,False,False,False,False,mostly_continuous,2.0,True,False,0.35,0.65,0.9340680553754911,1.8571428571428574,balanced_binary,True,False,classification,analcatdata_boxing1,ok,,,,,,,,,not_regression,not_regression
0.0,0.0,0.0,0.0,4.773807964879333,0.3333333333333333,0.3333333333333333,0.2727272727272727,2.6914497566670462e-17,0.8164965809277258,0.1721325931647739,0.0,False,False,False,False,False,False,False,mostly_continuous,2.0,True,False,0.4621212121212121,0.5378787878787878,0.9958560657511164,1.1639344262295082,balanced_binary,True,False,classification,analcatdata_boxing2,ok,,,,,,,,,not_regression,not_regression
0.0,0.0,0.0,0.0,781.5056733842034,0.3333333333333333,0.5,0.4483333333333333,2.5473003719965024,4.074366093184044,0.14920282306947638,0.0,False,False,False,True,True,False,False,mostly_continuous;scale_unbalanced;skewed,2.0,True,False,0.27,0.73,0.8414646362081756,2.7037037037037033,moderate_binary,False,False,classification,analcatdata_creditscore,ok,,,,,,,,,not_regression,not_regression
0.0,0.0,0.0,0.0,235.41961931035945,0.2,0.2,0.10309278350515463,0.09556692697671816,0.7853172205863569,0.34308918121745224,0.15555555555555556,False,False,False,True,False,True,False,mostly_continuous;scale_unbalanced;redundant,2.0,True,False,0.24742268041237114,0.7525773195876289,0.8071675554288905,3.0416666666666665,moderate_binary,False,False,classification,analcatdata_cyyoung8092,ok,,,,,,,,,not_regression,not_regression
0.0,0.0,0.0,0.0,255.17483129285375,0.2,0.3,0.15217391304347827,0.25201933762997664,0.7031911393797171,0.34325522338521464,0.2222222222222222,False,False,False,True,False,True,False,mostly_continuous;scale_unbalanced;redundant,2.0,True,False,0.20652173913043478,0.7934782608695652,0.7347813522127804,3.8421052631578947,moderate_binary,False,False,classification,analcatdata_cyyoung9302,ok,,,,,,,,,not_regression,not_regression
0.0,0.0,0.0,0.0,4.598606367589677,0.25,1.0,0.2835633626097867,0.3993467200551395,0.6360028735735443,0.15909570404875553,0.0,False,True,False,False,False,False,False,mostly_discrete,6.0,False,True,0.15432873274780426,0.1944792973651192,0.9981805179234929,1.2601626016260163,balanced_multiclass,True,False,classification,analcatdata_dmft,ok,,,,,,,,,not_regression,not_regression
0.0,0.0,0.0,0.0,8.530346966525952,0.9090909090909091,1.0,0.670995670995671,1.5764815627361655,3.3282011773513758,0.1230032877537898,0.0,True,True,True,False,False,False,False,mostly_binary;sparse,2.0,True,False,0.30952380952380953,0.6904761904761905,0.8926230133850988,2.230769230769231,moderate_binary,False,False,classification,analcatdata_fraud,ok,,,,,,,,,not_regression,not_regression
0.0,0.0,0.0,0.0,48.54669483492309,0.4,0.8,0.2275,0.0,1.9258363345673608,0.04892174549488762,0.0,False,True,False,False,False,False,False,mostly_discrete,4.0,False,True,0.25,0.25,1.0,1.0,balanced_multiclass,True,False,classification,analcatdata_germangss,ok,,,,,,,,,not_regression,not_regression
0.0,0.0,0.0,0.0,18.48339378009362,0.0,0.6666666666666666,0.15555555555555556,1.4802973661668754e-17,0.8329399701482765,0.17697323466561107,0.0,False,False,False,False,False,False,False,mostly_continuous,3.0,False,True,0.3333333333333333,0.3333333333333333,0.9999999999999998,1.0,balanced_multiclass,True,False,classification,analcatdata_happiness,ok,,,,,,,,,not_regression,not_regression
0.0,0.0,0.0,0.0,65.43886738782533,0.0,0.0,0.002136752136752137,2.20802192959922,3.3657134279742116,0.372846260700459,0.08333333333333333,False,False,False,False,True,True,False,mostly_continuous;skewed;redundant,2.0,True,False,0.4807692307692308,0.5192307692307693,0.9989326546260582,1.08,balanced_binary,True,False,classification,analcatdata_japansolvent,ok,,,,,,,,,not_regression,not_regression
0.0,0.0,0.0,0.0,9.287090642783966,0.25,0.25,0.1581439393939394,0.7445419283824355,0.9600252251501388,0.3120643146323227,0.0,False,False,False,False,False,True,True,mostly_continuous;redundant;balanced,2.0,True,False,0.07196969696969698,0.928030303030303,0.37323155189232515,12.894736842105262,unbalanced_binary,False,True,classification,analcatdata_lawsuit,ok,,,,,,,,,not_regression,not_regression
0.0,0.0,0.0,0.0,28.59005603960625,0.7142857142857143,0.7142857142857143,0.6779034391534392,4.809035025195689,10.91064436471298,0.04900298370904438,0.0,False,False,True,False,True,False,False,mostly_continuous;sparse;skewed,3.0,False,True,0.023055555555555555,0.9258333333333333,0.282404883939319,40.1566265060241,unbalanced_multiclass,False,True,classification,ann_thyroid,ok,,,,,,,,,not_regression,not_regression
0.0,0.0,0.0,0.0,1.1862198683456628,0.0,0.0,0.03099730458221024,1.1425340089144123,1.63565121796602,0.4799639852707692,0.23809523809523808,False,False,False,False,False,True,False,mostly_continuous;redundant,2.0,True,False,0.19811320754716982,0.8018867924528302,0.7181384220154764,4.0476190476190474,unbalanced_binary,False,True,classification,appendicitis,ok,,,,,,,,,not_regression,not_regression
0.0,0.0,0.0,0.0,101.81216476916468,0.6875,0.8125,0.6413194444444444,1.7888543819998315,6.4089494107951195,0.09582511471177513,0.0020161290322580645,False,True,True,True,False,False,False,mostly_discrete;sparse;scale_unbalanced,2.0,True,False,0.1388888888888889,0.8611111111111112,0.5813214987637029,6.2,unbalanced_binary,False,True,classification,backache,ok,,,,,,,,,not_regression,not_regression
0.0,0.0,0.0,0.0,1.0,0.0,1.0,0.0,1.4210854715202004e-18,6.451728040701712e-17,2.5337357063072776e-18,0.0,False,True,False,False,False,False,True,mostly_discrete;balanced,3.0,False,True,0.0784,0.4608,0.8316387585459218,5.877551020408164,moderate_multiclass,False,False,classification,balance_scale,ok,,,,,,,,,not_regression,not_regression
0.0,0.0,0.0,0.0,5227.374261062351,0.0,0.125,0.0011961722488038277,0.8518237066575346,4.188995310393105,0.17322878491751434,0.0,False,False,False,True,False,False,False,mostly_continuous;scale_unbalanced,2.0,True,False,0.3588516746411483,0.6411483253588517,0.9417258626620666,1.7866666666666668,balanced_binary,True,False,classification,biomed,ok,,,,,,,,,not_regression,not_regression
0.0,0.0,0.0,0.0,4.767626015971338,0.2222222222222222,0.8888888888888888,0.2836052836052836,0.5009989986075982,1.2644880630820268,0.12763963225740269,0.0,False,True,False,False,False,False,False,mostly_discrete,2.0,True,False,0.2972027972027972,0.7027972027972028,0.8778446951746506,2.364705882352941,moderate_binary,False,False,classification,breast_cancer,ok,,,,,,,,,not_regression,not_regression
0.0,0.0,0.0,0.0,6.337062459620192,0.0,0.0,0.0,2.283090500935424,2.9715446594479062,0.2728018294922917,0.0,False,False,False,False,True,False,False,mostly_continuous;skewed,2.0,True,False,0.48985507246376814,0.5101449275362319,0.9997030165587099,1.0414201183431953,balanced_binary,True,False,classification,bupa,ok,,,,,,,,,not_regression,not_regression
0.0,0.0,0.0,0.0,37.97664464226679,0.0625,0.625,0.0956296992481203,1.186170176222196,3.167422569005841,0.25220554931867323,0.004032258064516129,False,False,False,False,False,False,False,mostly_continuous,5.0,False,True,0.11027568922305764,0.24060150375939848,0.98040326952562,2.1818181818181817,balanced_multiclass,True,False,classification,calendarDOW,ok,,,,,,,,,not_regression,not_regression
0.0,0.0,0.0,0.0,1.3693063937629153,0.0,1.0,0.2916666666666667,0.0,8.22387425648264e-18,1.494048897990895e-17,0.0,False,True,False,False,False,False,False,mostly_discrete,4.0,False,True,0.03761574074074074,0.7002314814814815,0.6028704850060875,18.615384615384617,unbalanced_multiclass,False,True,classification,car_evaluation,ok,,,,,,,,,not_regression,not_regression
0.0,0.0,0.0,0.0,283.7025076684407,0.0,0.125,0.00860969387755102,0.4807521286111186,0.8142481125659042,0.5354875169852074,0.2857142857142857,False,False,False,True,False,True,False,mostly_continuous;scale_unbalanced;redundant,3.0,False,True,0.17346938775510204,0.625,0.8378229049223799,3.6029411764705883,moderate_multiclass,False,False,classification,cars,ok,,,,,,,,,not_regression,not_regression
0.0,0.0,0.0,0.0,7.4085211062036995,0.9722222222222222,1.0,0.7410912946738979,1.6682613710143097,9.507248674926261,0.08060769908924477,0.0,True,True,True,False,False,False,False,mostly_binary;sparse,2.0,True,False,0.47778473091364204,0.522215269086358,0.9985755386554581,1.0929927963326784,balanced_binary,True,False,classification,chess,ok,,,,,,,,,not_regression,not_regression
0.0,0.0,0.0,0.0,284.4465309667847,0.1,0.2,0.13062,0.07141161924980358,1.3511076379443259,0.035928133753769874,0.02631578947368421,False,False,False,True,False,False,False,mostly_continuous;scale_unbalanced,2.0,True,False,0.1414,0.8586,0.5878935751446988,6.072135785007072,unbalanced_binary,False,True,classification,churn,ok,,,,,,,,,not_regression,not_regression
0.0,0.0,0.0,0.0,4.146345313315406,0.0,0.0,0.0036139455782312926,0.4742628565909651,1.4672027616426349,0.2589882130453211,0.03856572569147419,False,False,False,False,False,False,False,mostly_continuous,2.0,True,False,0.43487394957983194,0.5651260504201681,0.9877270579926237,1.2995169082125604,balanced_binary,True,False,classification,clean1,ok,,,,,,,,,not_regression,not_regression
0.0,0.0,0.0,0.0,2.2512898045185286,0.0,0.0,0.002830944442038713,0.4022297750536107,1.9474893465861651,0.2669020127248868,0.03656971770744226,False,False,False,False,False,False,False,mostly_continuous,2.0,True,False,0.1541376174598363,0.8458623825401637,0.6200985590130879,5.487708947885939,unbalanced_binary,False,True,classification,clean2,ok,,,,,,,,,not_regression,not_regression
0.0,0.0,0.0,0.0,66.6810947136025,0.14285714285714285,0.14285714285714285,0.07539682539682539,1.1002278942825097,2.023120424895874,0.41978754576201316,0.23809523809523808,False,False,False,False,False,True,False,mostly_continuous;redundant,4.0,False,True,0.2222222222222222,0.2962962962962963,0.9946468165806769,1.3333333333333333,balanced_multiclass,True,False,classification,cloud,ok,,,,,,,,,not_regression,not_regression
0.0,0.0,0.0,0.0,37.9628902107558,0.058823529411764705,0.9882352941176471,0.5557739528309796,1.6348046513707137,17.576227220722554,0.06875953074604045,0.0070028011204481795,False,True,True,False,False,False,False,mostly_discrete;sparse,2.0,True,False,0.059661983302789656,0.9403380166972104,0.32610165528193497,15.761092150170649,unbalanced_binary,False,True,classification,coil2000,ok,,,,,,,,,not_regression,not_regression
0.0,0.0,0.0,0.04347826086956519,413.9745366519354,0.043478260869565216,0.043478260869565216,0.018198117436127297,0.7242512323936066,2.9239462742303144,0.23914625592710345,0.012987012987012988,False,False,False,True,False,False,False,mostly_continuous;scale_unbalanced,13.0,False,True,0.03505154639175258,0.16494845360824742,0.9542030391118909,4.705882352941177,moderate_multiclass,False,False,classification,collins,ok,,,,,,,,,not_regression,not_regression
0.0,0.0,0.0,0.0,3.7002073812873917,0.0,0.0,0.0,0.19138497393526951,0.7133316653855135,0.7576041410653874,0.3333333333333333,False,False,False,False,False,True,False,mostly_continuous;redundant,6.0,False,True,0.16666666666666666,0.16666666666666666,0.9999999999999999,1.0,balanced_multiclass,True,False,classification,confidence,ok,,,,,,,,,not_regression,not_regression
0.0,0.0,0.0,0.0,17.12331618725557,0.0,1.0,0.8095238095238095,3.2462094158566384,13.474354499790564,0.08436565915960423,0.0,False,True,True,False,True,False,False,mostly_discrete;sparse;skewed,3.0,False,True,0.09546012996432642,0.6583033586452921,0.7687527975067274,6.896107923709103,moderate_multiclass,False,False,classification,connect_4,ok,,,,,,,,,not_regression,not_regression
0.0,0.0,0.0,0.0,1.0021168211472573,1.0,1.0,0.50625,0.0,0.07521183158458492,0.05181259509160301,0.0,True,True,True,False,False,False,False,mostly_binary;sparse,2.0,True,False,0.4375,0.5625,0.9886994082884974,1.2857142857142858,balanced_binary,True,False,classification,corral,ok,,,,,,,,,not_regression,not_regression
0.0,0.0,0.0,0.0,2.624469742882606,0.029411764705882353,0.9705882352941176,0.5962712954034073,1.3429295597903246,2.853106526822276,0.22456545340577164,0.0427807486631016,False,True,True,False,False,False,False,mostly_discrete;sparse,6.0,False,True,0.0546448087431694,0.30601092896174864,0.9410570842752873,5.6000000000000005,balanced_multiclass,True,False,classification,dermatology,ok,,,,,,,,,not_regression,not_regression
0.0,0.0,0.0,0.06896551724137934,1216.9864022600536,0.7241379310344828,0.7931034482758621,0.559037554393535,3.603145245696854,9.678979041966484,0.08592131080895009,0.011396011396011397,False,False,True,True,True,False,False,mostly_continuous;sparse;scale_unbalanced;skewed,2.0,True,False,0.015376458112407211,0.9846235418875928,0.11462655853364577,64.0344827586207,unbalanced_binary,False,True,classification,dis,ok,,,,,,,,,not_regression,not_regression
0.0,0.0,0.0,0.0,1.168954656051573,1.0,1.0,0.7473285903606054,1.1673176437557515,1.4409466910837412,0.031258074399939426,0.0,True,True,True,False,False,False,False,mostly_binary;sparse,3.0,False,True,0.2401129943502825,0.5191462649089768,0.9336467959849357,2.1620915032679737,balanced_multiclass,True,False,classification,dna,ok,,,,,,,,,not_regression,not_regression
0.0,0.0,0.0,0.1428571428571429,3.1564190233927847,0.2857142857142857,0.2857142857142857,0.0017474879860200961,0.3590964599010136,5.531600535586766,0.22620551966880306,0.06666666666666667,False,False,False,False,False,False,False,mostly_continuous,5.0,False,True,0.06116207951070336,0.43730886850152906,0.8727963560189237,7.15,balanced_multiclass,True,False,classification,ecoli,ok,,,,,,,,,not_regression,not_regression
0.0,0.0,0.0,0.0,731.7054389878161,0.0,0.5172413793103449,0.20384232354942092,0.9360910852015231,2.8202176243644295,0.0847210295441701,0.017241379310344827,False,False,False,True,False,False,False,mostly_continuous;scale_unbalanced,8.0,False,True,8.913715236510577e-05,0.4171222565565328,0.7277525712470861,4679.555555555556,unbalanced_multiclass,False,True,classification,fars,ok,,,,,,,,,not_regression,not_regression
0.0,0.0,0.0,0.0,12.212709552250313,0.8372093023255814,0.9534883720930233,0.7756728507969689,2.3373185356278015,9.042146721406127,0.11340299246511447,0.0011074197120708748,True,True,True,False,True,False,False,mostly_binary;sparse;skewed,5.0,False,True,0.08426966292134831,0.33707865168539325,0.9443124776076187,4.0,balanced_multiclass,True,False,classification,flags,ok,,,,,,,,,not_regression,not_regression
0.0,0.0,0.0,0.0,28.311208482288492,0.0,0.1111111111111111,0.18268575323790048,1.2266135717243998,4.719218013250395,0.31862216206466626,0.05555555555555555,False,False,False,False,False,True,False,mostly_continuous;redundant,2.0,True,False,0.4662576687116564,0.5337423312883436,0.9967123557000845,1.1447368421052633,balanced_binary,True,False,classification,glass2,ok,,,,,,,,,not_regression,not_regression
0.0,0.0,0.0,0.0,2.8660009281879413,0.0,0.0,0.14814814814814814,0.14578591431610213,2.4044982704749485,0.052156674050866825,0.0,False,False,False,False,False,False,True,mostly_continuous;balanced,2.0,True,False,0.2647058823529412,0.7352941176470589,0.833764907210665,2.777777777777778,moderate_binary,False,False,classification,haberman,ok,,,,,,,,,not_regression,not_regression
0.0,0.0,0.0,0.0,1.1019612855670189,0.0,1.0,0.0,0.6458987289141376,0.6458987289141376,0.031789670194764225,0.0,False,True,False,False,False,False,True,mostly_discrete;balanced,3.0,False,True,0.19375,0.40625,0.9561523600826898,2.096774193548387,balanced_multiclass,True,False,classification,hayes_roth,ok,,,,,,,,,not_regression,not_regression
0.0,0.0,0.0,0.0,65.65349709892712,0.15789473684210525,0.6842105263157895,0.16298811544991512,0.5895120643352263,1.4893716322338895,0.14444053356045766,0.0,False,False,False,False,False,False,False,mostly_continuous,2.0,True,False,0.2064516129032258,0.7935483870967742,0.7346451526501955,3.84375,moderate_binary,False,False,classification,hepatitis,ok,,,,,,,,,not_regression,not_regression
0.0,0.0,0.0,0.0,919.8901039949309,0.68,0.72,0.4950490041100221,3.1367354757818666,8.056265376601832,0.15867450084568172,0.03666666666666667,False,False,False,True,True,False,False,mostly_continuous;scale_unbalanced;skewed,2.0,True,False,0.04773948782801138,0.9522605121719886,0.27671573102958635,19.94701986754967,unbalanced_binary,False,True,classification,hypothyroid,ok,,,,,,,,,not_regression,not_regression
0.0,0.0,0.0,0.02941176470588236,1.3813629056460395,0.058823529411764705,0.058823529411764705,0.11907156024803084,0.6034772571523276,1.2974570962142857,0.230562077777909,0.001893939393939394,False,False,False,False,False,False,True,mostly_continuous;balanced,2.0,True,False,0.358974358974359,0.6410256410256411,0.9418285354475157,1.7857142857142858,balanced_binary,True,False,classification,ionosphere,ok,,,,,,,,,not_regression,not_regression
0.0,0.0,0.0,0.0,3.3620473067323746,0.0,0.0,0.0,0.2917325043369682,0.3250178864920093,0.5898157206151019,0.5,False,False,False,False,False,True,False,mostly_continuous;redundant,3.0,False,True,0.3333333333333333,0.3333333333333333,0.9999999999999998,1.0,balanced_multiclass,True,False,classification,iris,ok,,,,,,,,,not_regression,not_regression
0.0,0.0,0.0,0.0,27.506063822240034,0.2,0.4,0.174,0.07979711418151231,0.503006127386521,0.09195391580920945,0.0,False,False,False,False,False,False,False,mostly_continuous,2.0,True,False,0.444,0.556,0.99093240356837,1.2522522522522523,balanced_binary,True,False,classification,irish,ok,,,,,,,,,not_regression,not_regression
0.0,0.0,0.0,0.04878048780487809,513102.45281431597,0.24390243902439024,0.43902439024390244,0.7088939324071999,5.869060772366258,268.19582302088486,0.14739474988455029,0.043184885290148446,False,False,True,True,True,False,False,mostly_continuous;sparse;scale_unbalanced;skewed,23.0,False,True,4.0484190923444395e-06,0.5683777984696976,0.34433516372349626,140395.0,unbalanced_multiclass,False,True,classification,kddcup,ok,,,,,,,,,not_regression,not_regression
0.0,0.0,0.0,0.0,7.4085211062036995,0.9722222222222222,1.0,0.7410912946738979,1.6682613710143084,9.507248674926258,0.08060769908924477,0.0,True,True,True,False,False,False,False,mostly_binary;sparse,2.0,True,False,0.47778473091364204,0.522215269086358,0.9985755386554581,1.0929927963326784,balanced_binary,True,False,classification,kr_vs_kp,ok,,,,,,,,,not_regression,not_regression
0.0,0.0,0.0,0.0,2.4834346427127687,0.0,1.0,0.04910417260716662,0.19157485416065537,0.7312508930400146,0.07202546691260953,0.0,False,True,False,False,False,False,True,mostly_discrete;balanced,18.0,False,True,0.000962360992301112,0.16228257770173937,0.8403410179614035,168.62962962962962,unbalanced_multiclass,False,True,classification,krkopt,ok,,,,,,,,,not_regression,not_regression
0.0,0.0,0.0,0.0,6.258153838457791,0.0,0.8125,0.24890350877192982,0.6453063178492828,1.6717364834205606,0.15516782510765198,0.0,False,True,False,False,False,False,True,mostly_discrete;balanced,2.0,True,False,0.3508771929824561,0.6491228070175439,0.9348490242345946,1.85,balanced_binary,True,False,classification,labor,ok,,,,,,,,,not_regression,not_regression
0.0,0.0,0.0,0.0,1.1490519843052391,1.0,1.0,0.4543098958333333,0.04813900187259537,0.9355778910800104,0.025487830327068774,0.0,True,True,False,False,False,False,False,mostly_binary,10.0,False,True,0.0925,0.1053125,0.9996286494128415,1.1385135135135136,balanced_multiclass,True,False,classification,led24,ok,,,,,,,,,not_regression,not_regression
0.0,0.0,0.0,0.0,1.2373551650811372,1.0,1.0,0.33714285714285713,0.6902690934715818,1.340794182168571,0.18435267894055313,0.0,True,True,False,False,False,False,False,mostly_binary,10.0,False,True,0.084375,0.1065625,0.999120126221069,1.2629629629629628,balanced_multiclass,True,False,classification,led7,ok,,,,,,,,,not_regression,not_regression
0.0,0.0,0.0,0.0,1.7821882520383217,0.0,0.0,0.026209375,0.28257042103128827,1.0002556919816534,0.18289592284889153,0.016666666666666666,False,False,False,False,False,False,True,mostly_continuous;balanced,26.0,False,True,0.0367,0.04065,0.9998661845262039,1.1076294277929153,moderate_multiclass,False,False,classification,letter,ok,,,,,,,,,not_regression,not_regression
0.0,0.0,0.0,0.0,20.427186766678172,0.0,0.0,0.0,0.7758862374884586,2.54803253749346,0.3326516331269337,0.3333333333333333,False,False,False,False,False,True,False,mostly_continuous;redundant,2.0,True,False,0.40229885057471265,0.5977011494252874,0.972279462096882,1.4857142857142858,balanced_binary,True,False,classification,lupus,ok,,,,,,,,,not_regression,not_regression
0.0,0.0,0.0,0.0,7.905576403165033,0.5,1.0,0.0,0.6668094805283469,3.6915310195198345,0.1760885571498558,0.0,False,True,False,False,False,False,True,mostly_discrete;balanced,4.0,False,True,0.013513513513513514,0.5472972972972973,0.6138387509732901,40.49999999999999,unbalanced_multiclass,False,True,classification,lymphography,ok,,,,,,,,,not_regression,not_regression
0.0,0.0,0.0,0.0,473.58755574936276,0.0,0.0,0.0012723449001051524,0.8631304470442338,2.149280370941831,0.27878059647599684,0.06666666666666667,False,False,False,True,False,False,False,mostly_continuous;scale_unbalanced,2.0,True,False,0.3516298633017876,0.6483701366982124,0.935515244546736,1.8438995215311005,balanced_binary,True,False,classification,magic,ok,,,,,,,,,not_regression,not_regression
0.0,0.0,0.0,0.0,33.72896269227841,0.0,0.0,0.005442129629629629,0.2809504898319633,0.6761453796298846,0.2511670106812447,0.018894472361809043,False,False,False,False,False,False,False,mostly_continuous,10.0,False,True,0.1,0.1,0.9999999999999998,1.0,balanced_multiclass,True,False,classification,mfeat_factors,ok,,,,,,,,,not_regression,not_regression
0.0,0.0,0.0,0.0,3.4462972583289213,0.0,0.0,0.0,0.5538124097981714,0.8364855805136908,0.14589066038128864,0.0,False,False,False,False,False,False,True,mostly_continuous;balanced,10.0,False,True,0.1,0.1,0.9999999999999998,1.0,balanced_multiclass,True,False,classification,mfeat_fourier,ok,,,,,,,,,not_regression,not_regression
0.0,0.0,0.0,0.0,5.784991122830507,0.0,0.0,0.0,0.08577506110614536,0.26179880387402565,0.10720046604904641,0.0,False,False,False,False,False,False,True,mostly_continuous;balanced,10.0,False,True,0.1,0.1,0.9999999999999998,1.0,balanced_multiclass,True,False,classification,mfeat_karhunen,ok,,,,,,,,,not_regression,not_regression
0.0,0.0,0.0,0.0,7341.542259424994,0.0,0.5,0.20333333333333334,0.6240646571359124,0.847296993761627,0.5727573352912987,0.26666666666666666,False,False,False,True,False,True,False,mostly_continuous;scale_unbalanced;redundant,10.0,False,True,0.1,0.1,0.9999999999999998,1.0,balanced_multiclass,True,False,classification,mfeat_morphological,ok,,,,,,,,,not_regression,not_regression
0.0,0.0,0.0,0.0,1.6469715916745888,0.0,1.0,0.3923875,0.5144675636900384,1.5506136559535808,0.17438232625919126,0.007487437185929648,False,True,False,False,False,False,False,mostly_discrete,10.0,False,True,0.1,0.1,0.9999999999999998,1.0,balanced_multiclass,True,False,classification,mfeat_pixel,ok,,,,,,,,,not_regression,not_regression
0.0,0.0,0.0,0.0,645.6245363936395,0.0,0.0,0.0,0.7410365802852563,1.4471878431822747,0.2577673468649649,0.03700277520814061,False,False,False,True,False,False,False,mostly_continuous;scale_unbalanced,10.0,False,True,0.1,0.1,0.9999999999999998,1.0,balanced_multiclass,True,False,classification,mfeat_zernike,ok,,,,,,,,,not_regression,not_regression
0.0,0.0,0.0,0.15306122448979587,60.89273667915865,0.19770408163265307,0.27933673469387754,0.8086272959183674,3.5072436181458313,45.685674756937914,0.05888751070714486,0.001206030150753769,False,False,True,False,True,False,False,mostly_continuous;sparse;skewed,10.0,False,True,0.0902,0.1126,0.9993671225582773,1.2483370288248337,balanced_multiclass,True,False,classification,mnist,ok,,,,,,,,,not_regression,not_regression
0.0,0.0,0.0,0.0,1.0001461305174484,1.0,1.0,0.5016616314199396,0.01208485411774945,0.02326485016088148,0.008331167872418117,0.0,True,True,True,False,False,False,False,mostly_binary;sparse,2.0,True,False,0.22054380664652568,0.7794561933534743,0.7611592355158557,3.5342465753424657,moderate_binary,False,False,classification,mofn_3_7_10,ok,,,,,,,,,not_regression,not_regression
0.0,0.0,0.0,0.0,1.1816821358723821,0.0,1.0,0.26067527308838134,0.15901904809632433,0.44428274963995906,0.08245342355254402,0.0,False,True,False,False,False,False,False,mostly_discrete,2.0,True,False,0.5,0.5,1.0,1.0,balanced_binary,True,False,classification,molecular_biology_promoters,ok,,,,,,,,,not_regression,not_regression
0.0,0.0,0.0,0.0,2.0963139190389906,0.3333333333333333,1.0,0.3764988009592326,0.01654732255844828,0.032379757651998464,0.01353838119962413,0.0,False,True,False,False,False,False,False,mostly_discrete,2.0,True,False,0.5,0.5,1.0,1.0,balanced_binary,True,False,classification,monk1,ok,,,,,,,,,not_regression,not_regression
0.0,0.0,0.0,0.0,2.0763513248057337,0.3333333333333333,1.0,0.0,0.008045966034060128,0.016790596111435623,0.013879023721716528,0.0,False,True,False,False,False,False,True,mostly_discrete;balanced,2.0,True,False,0.3427620632279534,0.6572379367720466,0.9274373177990278,1.9174757281553398,moderate_binary,False,False,classification,monk2,ok,,,,,,,,,not_regression,not_regression
0.0,0.0,0.0,0.0,2.088806596593064,0.3333333333333333,1.0,0.37184115523465705,0.011735427080489146,0.02428717186254796,0.011558191416863891,0.0,False,True,False,False,False,False,False,mostly_discrete,2.0,True,False,0.48014440433212996,0.51985559566787,0.9988621511417832,1.0827067669172932,balanced_binary,True,False,classification,monk3,ok,,,,,,,,,not_regression,not_regression
0.0,0.0,0.0,0.0,1.4626175124696972,0.0,0.0,9.259259259259259e-05,0.236700093576042,0.36681499835579917,0.26654849142114656,0.09263420724094881,False,False,False,False,False,False,False,mostly_continuous,15.0,False,True,0.06666666666666667,0.06666666666666667,1.0,1.0,balanced_multiclass,True,False,classification,movement_libras,ok,,,,,,,,,not_regression,not_regression
0.0,0.0,0.0,0.045454545454545414,13.419413484903428,0.2727272727272727,0.9545454545454546,0.2540363636363636,0.8266945975310511,2.631139289634541,0.1692579765584576,0.004761904761904762,False,True,False,False,False,False,False,mostly_discrete,2.0,True,False,0.482,0.518,0.9990649315776106,1.074688796680498,balanced_binary,True,False,classification,mushroom,ok,,,,,,,,,not_regression,not_regression
0.0,0.0,0.0,0.0,1.0,1.0,1.0,0.5,0.0,0.0,0.0,0.0,True,True,True,False,False,False,False,mostly_binary;sparse,2.0,True,False,0.5,0.5,1.0,1.0,balanced_binary,True,False,classification,mux6,ok,,,,,,,,,not_regression,not_regression
0.0,0.0,0.0,0.0,5.845832165653998,0.0,0.0,0.0037209302325581397,2.9873884715416263,4.969793777258625,0.41358967821852455,0.0,False,False,False,False,True,True,False,mostly_continuous;skewed;redundant,3.0,False,True,0.13953488372093023,0.6976744186046512,0.7477457683525577,5.0,unbalanced_multiclass,False,True,classification,new_thyroid,ok,,,,,,,,,not_regression,not_regression
0.0,0.0,0.0,0.0,2.164397489483928,0.125,1.0,0.3175,0.005567380812178389,0.02022056102824307,0.010525240534341963,0.0,False,True,False,False,False,False,False,mostly_discrete,4.0,False,True,0.0254,0.3334,0.8574502429423436,13.125984251968504,unbalanced_multiclass,False,True,classification,nursery,ok,,,,,,,,,not_regression,not_regression
0.0,0.0,0.0,0.03125,102.15529874895647,0.078125,0.203125,0.4885875,1.10250939439729,23.251614939911356,0.12063033361604193,0.0010576414595452142,False,False,False,True,False,False,False,mostly_continuous;scale_unbalanced,10.0,False,True,0.0986,0.1018,0.9999711938238425,1.0324543610547667,balanced_multiclass,True,False,classification,optdigits,ok,,,,,,,,,not_regression,not_regression
0.0,0.0,0.0,0.0,20738.6999901546,0.0,0.0,0.0,9.044744982556892,23.817630358877594,0.30187075141562314,0.022222222222222223,False,False,False,True,True,True,False,mostly_continuous;scale_unbalanced;skewed;redundant,5.0,False,True,0.0052,0.8976,0.2738678155635956,172.6153846153846,unbalanced_multiclass,False,True,classification,page_blocks,ok,,,,,,,,,not_regression,not_regression
0.0,0.0,0.0,0.0,1.0,1.0,1.0,0.5,0.0,0.0,0.0,0.0,True,True,True,False,False,False,False,mostly_binary;sparse,2.0,True,False,0.5,0.5,1.0,1.0,balanced_binary,True,False,classification,parity5,ok,,,,,,,,,not_regression,not_regression
0.0,0.0,0.0,0.0,1.000297909116213,1.0,1.0,0.5039145907473309,0.014235236013128007,0.04378290884499601,0.006414688753194935,0.0,True,True,True,False,False,False,False,mostly_binary;sparse,2.0,True,False,0.49555160142348753,0.5044483985765125,0.9999429024267611,1.0179533213644525,balanced_binary,True,False,classification,parity5+5,ok,,,,,,,,,not_regression,not_regression
0.0,0.0,0.0,0.0,2.090133004645291,0.0,0.0,0.1283625,0.40385930323854574,1.0628417359444056,0.2696311221924141,0.008333333333333333,False,False,False,False,False,False,True,mostly_continuous;balanced,10.0,False,True,0.096,0.104,0.9996524717056414,1.0833333333333333,balanced_multiclass,True,False,classification,pendigits,ok,,,,,,,,,not_regression,not_regression
0.0,0.0,0.0,0.0,1005.1842010685822,0.14285714285714285,0.42857142857142855,0.14071214071214072,0.14904499639833974,0.5309619089297387,0.3389902460287691,0.047619047619047616,False,False,False,True,False,True,False,mostly_continuous;scale_unbalanced;redundant,3.0,False,True,0.2042042042042042,0.43843843843843844,0.959065942356021,2.1470588235294117,balanced_multiclass,True,False,classification,penguins,ok,,,,,,,,,not_regression,not_regression
0.0,0.0,0.0,0.0,1.4756710879854342,0.0,0.0,0.0324,0.4847403374258377,1.386511377345609,0.12624635763914777,0.0,False,False,False,False,False,False,True,mostly_continuous;balanced,2.0,True,False,0.2934,0.7066,0.8730728449277418,2.408316291751875,moderate_binary,False,False,classification,phoneme,ok,,,,,,,,,not_regression,not_regression
0.0,0.0,0.0,0.0,3.375380534190174,0.0,0.5,0.0,0.0219783892570697,0.03253160526091817,0.016253631357598254,0.0,False,False,False,False,False,False,True,mostly_continuous;balanced,8.0,False,True,0.0002,0.5012,0.4719288486998961,2506.0,unbalanced_multiclass,False,True,classification,poker,ok,,,,,,,,,not_regression,not_regression
0.0,0.0,0.0,0.0,2.483609045393167,0.25,1.0,0.24147727272727273,0.3881701785418211,1.3908671753340842,0.11029924473040134,0.0,False,True,False,False,False,False,True,mostly_discrete;balanced,2.0,True,False,0.2727272727272727,0.7272727272727273,0.8453509366224364,2.666666666666667,moderate_binary,False,False,classification,postoperative_patient_data,ok,,,,,,,,,not_regression,not_regression
0.0,0.0,0.0,0.0,11.121884414548761,0.14285714285714285,0.14285714285714285,0.07142857142857142,0.019516499118325967,0.08203628216519926,0.6894240678390378,0.7142857142857143,False,False,False,False,False,True,False,mostly_continuous;redundant,2.0,True,False,0.5,0.5,1.0,1.0,balanced_binary,True,False,classification,prnn_crabs,ok,,,,,,,,,not_regression,not_regression
0.0,0.0,0.0,0.0,1.792349654266532,0.0,0.0,0.0,0.14775745458121253,0.19588698678114677,0.19644316351279212,0.0,False,False,False,False,False,False,True,mostly_continuous;balanced,2.0,True,False,0.5,0.5,1.0,1.0,balanced_binary,True,False,classification,prnn_synth,ok,,,,,,,,,not_regression,not_regression
0.0,0.0,0.0,0.0,27.01654638148891,0.1111111111111111,0.3333333333333333,0.22337962962962962,0.4146778092170812,3.477401047220406,0.05722104776335776,0.0,False,False,False,False,False,False,False,mostly_continuous,2.0,True,False,0.3333333333333333,0.6666666666666666,0.9182958340544894,2.0,moderate_binary,False,False,classification,profb,ok,,,,,,,,,not_regression,not_regression
0.0,0.0,0.0,0.0,1.0459307200516743,0.0,0.0,0.00031,0.23757830142506836,0.29732456108581035,0.018830157478432925,0.0,False,False,False,False,False,False,True,mostly_continuous;balanced,2.0,True,False,0.4952,0.5048,0.9999335195913547,1.0193861066235865,balanced_binary,True,False,classification,ring,ok,,,,,,,,,not_regression,not_regression
0.0,0.0,0.0,0.0,20.355403871491667,0.1111111111111111,0.1111111111111111,0.11712361712361713,0.9022777254427031,2.1189989897950103,0.19699922888785856,0.0,False,False,False,False,False,False,False,mostly_continuous,2.0,True,False,0.3463203463203463,0.6536796536796536,0.9307388109871576,1.8875,moderate_binary,False,False,classification,saheart,ok,,,,,,,,,not_regression,not_regression
0.0,0.0,0.0,0.0,1.7018926338029317,0.0,0.0,0.0,0.3898933229079149,0.8796250940667611,0.4952433389036768,0.2777777777777778,False,False,False,False,False,True,False,mostly_continuous;redundant,6.0,False,True,0.0974,0.2382,0.9606784290264772,2.4455852156057496,balanced_multiclass,True,False,classification,satimage,ok,,,,,,,,,not_regression,not_regression
0.0,0.0,0.0,0.0,146.78192578352514,0.14285714285714285,0.14285714285714285,0.06827731092436974,0.30679181320534915,0.39208025964810805,0.2536708710884534,0.0,False,False,False,True,False,False,False,mostly_continuous;scale_unbalanced,3.0,False,True,0.18235294117647058,0.5882352941176471,0.8740235286738133,3.2258064516129035,balanced_multiclass,True,False,classification,schizo,ok,,,,,,,,,not_regression,not_regression
0.0,0.0,0.0,0.052631578947368474,1613.4365037345158,0.05263157894736842,0.15789473684210525,0.11576668945089998,1.3019353222504415,8.147937430528348,0.2780045499565108,0.12418300653594772,False,False,False,True,False,True,False,mostly_continuous;scale_unbalanced;redundant,7.0,False,True,0.14285714285714285,0.14285714285714285,0.9999999999999999,1.0,balanced_multiclass,True,False,classification,segmentation,ok,,,,,,,,,not_regression,not_regression
0.0,0.0,0.0,0.0,2.943203887783115,0.0,0.0,0.2170888888888889,2.2579387364834624,28.23893848740527,0.18232353764293238,0.08333333333333333,False,False,False,False,True,False,False,mostly_continuous;skewed,7.0,False,True,0.0002,0.786,0.342026446336146,3930.0,unbalanced_multiclass,False,True,classification,shuttle,ok,,,,,,,,,not_regression,not_regression
0.0,0.0,0.0,0.0,2.2111992736618094,0.0,0.07692307692307693,0.19004615384615384,0.2952274158753446,1.6644738707804758,0.19215431600006466,0.0,False,False,False,False,False,False,True,mostly_continuous;balanced,5.0,False,True,0.0854,0.4976,0.8450261830365948,5.826697892271662,moderate_multiclass,False,False,classification,sleep,ok,,,,,,,,,not_regression,not_regression
0.0,0.0,0.0,0.0,42.45423392216876,0.0,0.0,0.0007211538461538462,0.9332756704750194,2.086419281370393,0.22939566425480037,0.01807909604519774,False,False,False,False,False,False,False,mostly_continuous,2.0,True,False,0.46634615384615385,0.5336538461538461,0.9967295890208366,1.1443298969072164,balanced_binary,True,False,classification,sonar,ok,,,,,,,,,not_regression,not_regression
0.0,0.0,0.0,0.0,4.510504922837798,0.02857142857142857,1.0,0.12207407407407407,0.5744212645642329,1.6564340929228258,0.2977681832602717,0.015126050420168067,False,True,False,False,False,False,True,mostly_discrete;balanced,18.0,False,True,0.02074074074074074,0.1362962962962963,0.9083926829300103,6.571428571428572,unbalanced_multiclass,False,True,classification,soybean,ok,,,,,,,,,not_regression,not_regression
0.0,0.0,0.0,0.0,41.69045526302167,0.0,0.0,0.7741490217610969,9.721676786113013,20.347396401733846,0.060853842705061195,0.0018796992481203006,False,False,True,False,True,False,False,mostly_continuous;sparse;skewed,2.0,True,False,0.39404477287546186,0.6059552271245382,0.9673602371807668,1.5377826806398236,balanced_binary,True,False,classification,spambase,ok,,,,,,,,,not_regression,not_regression
0.0,0.0,0.0,0.0,1.4159192149118769,1.0,1.0,0.6884576098059244,0.8363631466671738,1.6555625768445714,0.19736115500576612,0.0,True,True,True,False,False,False,False,mostly_binary;sparse,2.0,True,False,0.20599250936329588,0.7940074906367042,0.7337524087989602,3.854545454545455,moderate_binary,False,False,classification,spect,ok,,,,,,,,,not_regression,not_regression
0.0,0.0,0.0,0.0,2.236024456655907,0.0,0.0,0.0,1.6933254511049936,2.70101373206567,0.2834613134130734,0.010570824524312896,False,False,False,False,False,False,False,mostly_continuous,2.0,True,False,0.2722063037249284,0.7277936962750716,0.8446127584974168,2.6736842105263157,moderate_binary,False,False,classification,spectf,ok,,,,,,,,,not_regression,not_regression
0.0,0.0,0.0,0.0,1.4436810847899713,0.0,1.0,0.23308762024257632,0.4350716514794376,0.5291660725511687,0.02373515637010028,0.0,False,True,False,False,False,False,True,mostly_discrete;balanced,3.0,False,True,0.2396486825595985,0.5191342534504392,0.9336532566991089,2.1662303664921465,balanced_multiclass,True,False,classification,splice,ok,,,,,,,,,not_regression,not_regression
0.0,0.0,0.0,0.0,31.89364855782382,0.4,0.4,0.0,0.8614987301054454,1.7865142591191652,0.17194460480745843,0.0,False,False,False,False,False,False,False,mostly_continuous,3.0,False,True,0.32450331125827814,0.3443708609271523,0.9997213915970682,1.0612244897959184,balanced_multiclass,True,False,classification,tae,ok,,,,,,,,,not_regression,not_regression
0.0,0.0,0.0,0.0,2.093734566847709,0.0,0.0,0.000185,0.401879525469265,1.3434748561812684,0.7433661840103037,0.41410256410256413,False,False,False,False,False,True,False,mostly_continuous;redundant,11.0,False,True,0.0908,0.091,0.999999749763832,1.002202643171806,balanced_multiclass,True,False,classification,texture,ok,,,,,,,,,not_regression,not_regression
0.0,0.0,0.0,0.0,1.0,1.0,1.0,0.5,0.0,0.0,0.0,0.0,True,True,True,False,False,False,False,mostly_binary;sparse,2.0,True,False,0.46484375,0.53515625,0.9964308234404787,1.1512605042016806,balanced_binary,True,False,classification,threeOf9,ok,,,,,,,,,not_regression,not_regression
0.0,0.0,0.0,0.0,1.0585745100653983,0.0,1.0,0.22964509394572025,0.40673301429166203,0.4390385360451433,0.07327760110956463,0.0,False,True,False,False,False,False,True,mostly_discrete;balanced,2.0,True,False,0.3465553235908142,0.6534446764091858,0.9309539862507962,1.8855421686746987,moderate_binary,False,False,classification,tic_tac_toe,ok,,,,,,,,,not_regression,not_regression
0.0,0.0,0.0,0.045454545454545414,12858633.445591616,0.06818181818181818,0.1590909090909091,0.15757417764717035,2.5091080012018923,11.576144055910124,0.2051224011353258,0.06620209059233449,False,False,False,True,True,False,False,mostly_continuous;scale_unbalanced;skewed,2.0,True,False,0.3607924921793535,0.6392075078206465,0.9433390515199497,1.7716763005780347,balanced_binary,True,False,classification,tokyo1,ok,,,,,,,,,not_regression,not_regression
0.0,0.0,0.0,0.0,1.0231489751384417,0.0,0.0,2e-05,0.02788221292191907,0.04502241825192857,0.16475906713750102,0.0,False,False,False,False,False,False,True,mostly_continuous;balanced,2.0,True,False,0.4996,0.5004,0.9999995383375376,1.0016012810248198,balanced_binary,True,False,classification,twonorm,ok,,,,,,,,,not_regression,not_regression
0.0,0.0,0.0,0.0,12.780721381495171,0.0,0.0,0.0070265300761754666,0.4973588893917802,2.592668860236008,0.40705653491911936,0.20261437908496732,False,False,False,False,False,True,False,mostly_continuous;redundant,4.0,False,True,0.23522458628841608,0.2576832151300236,0.9995333827671815,1.0954773869346732,balanced_multiclass,True,False,classification,vehicle,ok,,,,,,,,,not_regression,not_regression
0.0,0.0,0.0,0.0,5.026765085717477,0.15384615384615385,0.15384615384615385,0.0773892773892774,0.1287436290673449,0.2833004684406496,0.2057439393000354,0.0,False,False,False,False,False,False,True,mostly_continuous;balanced,11.0,False,True,0.09090909090909091,0.09090909090909091,1.0,1.0,balanced_multiclass,True,False,classification,vowel,ok,,,,,,,,,not_regression,not_regression
0.0,0.0,0.0,0.0,1.995558280280543,0.0,0.0,0.0016380952380952382,0.14979169842474138,0.2545207332642932,0.29796009510559573,0.0,False,False,False,False,False,False,True,mostly_continuous;balanced,3.0,False,True,0.3294,0.3392,0.99992696017064,1.0297510625379478,balanced_multiclass,True,False,classification,waveform_21,ok,,,,,,,,,not_regression,not_regression
0.0,0.0,0.0,0.0,1.871209096489317,0.0,0.0,0.002935,0.04318451150248999,0.2208397694904109,0.08854228249069311,0.0,False,False,False,False,False,False,True,mostly_continuous;balanced,3.0,False,True,0.3306,0.3384,0.9999474462011532,1.0235934664246824,balanced_multiclass,True,False,classification,waveform_40,ok,,,,,,,,,not_regression,not_regression
0.0,0.0,0.0,0.0,885.6618360664434,0.0,0.0,0.0075046904315197,0.9818292953262074,4.53639478880564,0.19982324196321,0.0,False,False,False,True,False,False,False,mostly_continuous;scale_unbalanced,6.0,False,True,0.006253908692933083,0.425891181988743,0.6611552922060293,68.10000000000001,unbalanced_multiclass,False,True,classification,wine_quality_red,ok,,,,,,,,,not_regression,not_regression
0.0,0.0,0.0,0.0,2395.648025678464,0.0,0.0,0.00035264857641337835,0.9774735389049216,1.576496515957486,0.1782662467296112,0.01818181818181818,False,False,False,True,False,False,False,mostly_continuous;scale_unbalanced,7.0,False,True,0.0010208248264597796,0.44875459371171905,0.6631562395648366,439.59999999999997,unbalanced_multiclass,False,True,classification,wine_quality_white,ok,,,,,,,,,not_regression,not_regression
0.0,0.0,0.0,0.0,719.7164700848194,0.0,0.0,0.0,0.3046899289436102,0.9969452091980083,0.3049574813503491,0.01282051282051282,False,False,False,True,False,True,False,mostly_continuous;scale_unbalanced;redundant,3.0,False,True,0.2696629213483146,0.398876404494382,0.9885547930265093,1.4791666666666665,balanced_multiclass,True,False,classification,wine_recognition,ok,,,,,,,,,not_regression,not_regression
0.0,0.0,0.0,0.0,1.0001149432779048,1.0,1.0,0.49902934795021126,0.010277627991957842,0.025079304161958783,0.005252445026036027,0.0,True,True,False,False,False,False,False,mostly_binary,2.0,True,False,0.33093525179856115,0.6690647482014388,0.9158790625676118,2.0217391304347823,moderate_binary,False,False,classification,xd6,ok,,,,,,,,,not_regression,not_regression
0.0,0.0,0.0,0.0,3.0083085051571725,0.125,0.25,0.12407031778228533,1.6182974996926633,10.984669556059325,0.0855745319715122,0.0,False,False,False,False,False,False,False,mostly_continuous,9.0,False,True,0.013522650439486139,0.31304935767410413,0.7779998900028874,23.150000000000002,unbalanced_multiclass,False,True,classification,yeast,ok,,,,,,,,,not_regression,not_regression
0.0,0.0,0.0,0.0,1.5996773713016637,0.0,1.0,0.0010245901639344263,0.2860657361881229,0.4355462312123581,0.5859627043501625,0.0,False,True,False,False,False,True,True,mostly_discrete;redundant;balanced,,,,,,,,,,,regression,1027_ESL,ok,5.0,5.229508196721311,5.229508196721311,1.4202105895905976,8.0,0.27157631963952944,-0.09987139869609207,0.0,medium_target_values,weakly_skewed_target
0.0,0.0,0.0,0.0,1.704202844286145,0.1,1.0,0.0,0.14673788936407942,0.31763846107492527,0.12655649429551777,0.0,False,True,False,False,False,False,True,mostly_discrete;balanced,,,,,,,,,,,regression,1028_SWD,ok,4.0,3.801,3.801,0.8108014553514319,3.0,0.21331266912686622,0.017537429821519256,0.0,medium_target_values,weakly_skewed_target
0.0,0.0,0.0,0.0,1.0400717496289282,0.0,1.0,0.2095,0.10261709910029852,0.20235463733194536,0.05117353779991651,0.0,False,True,False,False,False,False,True,mostly_discrete;balanced,,,,,,,,,,,regression,1029_LEV,ok,2.0,1.785,1.785,0.9543453253408851,4.0,0.5346472410870311,-0.01566020029439139,0.093,medium_target_values,weakly_skewed_target
0.0,0.0,0.0,0.0,1.2680309918017465,0.0,0.0,0.0505,0.2743854534438358,0.3182054369934888,0.07070400923192928,0.0,False,False,False,False,False,False,True,mostly_continuous;balanced,,,,,,,,,,,regression,1030_ERA,ok,4.0,4.131,4.131,1.9818776450628834,8.0,0.4797573577977254,0.30382327752143123,0.0,medium_target_values,weakly_skewed_target
0.0,0.0,0.0,0.0,18.830334642331493,0.07692307692307693,0.07692307692307693,0.05073649754500818,0.8488633286474104,1.357863205953958,0.32888580245549165,0.01282051282051282,False,False,False,False,False,True,False,mostly_continuous;redundant,,,,,,,,,,,regression,1089_USCrime,ok,176.0,194.0,194.0,39.46935250588794,150.0,0.20345027064890586,0.3790970243169784,0.0,high_target_values,weakly_skewed_target
0.0,0.0,0.0,0.0,7.926581597253408,0.25,0.25,0.19,0.7338486233449729,1.146682814359717,0.5430579536727317,0.5,False,False,False,False,False,True,False,mostly_continuous;redundant,,,,,,,,,,,regression,1096_FacultySalaries,ok,42.45000076293945,43.27719993591309,43.27719993591309,4.571340398668801,21.10000228881836,0.10562930146678046,1.0282505155936463,0.0,high_target_values,moderately_skewed_target
0.0,0.0,0.0,0.0,69.94506462455092,0.4444444444444444,0.7777777777777778,0.43022222222222223,0.7965282099221254,2.7949676082472967,0.05024118457936613,0.0,False,False,False,False,False,False,False,mostly_continuous,,,,,,,,,,,regression,1193_BNG_lowbwt,ok,2974.188720703125,2916.002794555664,2916.002794555664,731.7762054041492,4198.42822265625,0.25095181896615976,-0.264500556647204,0.0,high_target_values,weakly_skewed_target
0.0,0.0,0.0,0.0,15.440018051205733,0.3,0.9,0.368,0.21843935458086597,1.2996417223927237,0.040401733926509815,0.0,False,True,False,False,False,False,False,mostly_discrete,,,,,,,,,,,regression,1196_BNG_pharynx,ok,437.0689697265625,549.4100346273184,549.4063057352305,413.5894921822584,2136.601262450218,0.7527934933851568,1.121835009921244,0.0,high_target_values,moderately_skewed_target
0.0,0.0,0.0,0.0,36.152850236745735,0.3333333333333333,0.3333333333333333,0.25266666666666665,0.8409728245142442,1.508668204109743,0.08446595627579186,0.0,False,False,False,False,False,False,False,mostly_continuous,,,,,,,,,,,regression,1199_BNG_echoMonths,ok,22.52724552154541,21.594699722765945,21.586021578789687,15.918373256942091,66.8096507191658,0.7374389578384684,0.2080884793542101,0.0,high_target_values,weakly_skewed_target
0.0,0.0,0.0,0.0,17.405959679264605,0.4444444444444444,0.7777777777777778,0.4708888888888889,0.5878666624896031,1.2404148689648504,0.09638183992298979,0.0,False,False,False,False,False,False,False,mostly_continuous,,,,,,,,,,,regression,1201_BNG_breastTumor,ok,25.087146759033203,24.48296554210782,24.457285484284164,10.541749745001196,57.36409854888915,0.43102697360975384,-0.0015747728584239412,0.0,high_target_values,weakly_skewed_target
0.0,0.0,0.0,0.0,1.1748175725637178,0.1,1.0,0.2908,0.11905259226930785,0.18502755397277615,0.04842769154941722,0.0,False,True,False,False,False,False,False,mostly_discrete,,,,,,,,,,,regression,1203_BNG_pwLinear,ok,2.9640649557113647,3.6603557928176595,-0.28127246941719203,4.522479930372253,23.636125564575195,16.078644098112186,0.21510642270483496,0.0,medium_target_values,weakly_skewed_target
0.0,0.0,0.0,0.0,3.447539511864952,0.0,0.5,0.0,0.03886259966106319,0.05800493424480684,0.024367965344329685,0.0,False,False,False,False,False,False,True,mostly_continuous;balanced,,,,,,,,,,,regression,1595_poker,ok,0.0,0.629,0.629,0.8242323701481276,6.0,1.310385326147563,1.9469452691371045,0.516,low_target_values,moderately_skewed_target
0.0,0.0,0.0,0.0,1.18340317095916,0.0,0.0,0.019230769230769232,0.4516989157962808,0.603593149201519,0.7224792530209387,0.0,False,False,False,False,False,True,True,mostly_continuous;redundant;balanced,,,,,,,,,,,regression,192_vineyard,ok,19.5,18.08653846153846,18.08653846153846,4.351968115610447,23.5,0.24061918342555105,-1.1226089116840057,0.0,high_target_values,moderately_skewed_target
0.0,0.0,0.0,0.0,49099.990258995385,0.0,0.0,0.18828571428571428,3.4570590626401208,9.954358387524957,0.2486230771046952,0.04285714285714286,False,False,False,True,True,False,False,mostly_continuous;scale_unbalanced;skewed,,,,,,,,,,,regression,197_cpu_act,ok,89.0,84.231,84.231,18.45051866479639,99.0,0.21904665342684018,-3.4281612851947583,0.034,high_target_values,strongly_skewed_target
0.0,0.0,0.0,0.45833333333333337,8.006511877889016,0.4583333333333333,0.4791666666666667,0.7128541666666667,3.9022817675225325,8.326165937939619,0.10495370175146701,0.0,False,False,True,False,True,False,False,mostly_continuous;sparse;skewed,,,,,,,,,,,regression,201_pol,ok,0.0,28.9,28.9,41.806578429716055,100.0,1.4465944093326855,0.9206767272359951,0.625,low_target_values,weakly_skewed_target
0.0,0.0,0.0,0.0,2.7449710553346818,0.2,0.4,0.14814814814814814,0.9685460584613949,1.7420591752300372,0.29514967393470093,0.1,False,False,False,False,False,True,False,mostly_continuous;redundant,,,,,,,,,,,regression,210_cloud,ok,0.9099999964237213,1.232592590843086,1.232592590843086,1.0721805052720303,6.0,0.869857983275557,1.9262307889213235,0.009259259259259259,medium_target_values,moderately_skewed_target
0.0,0.0,0.0,0.0,1.1338950827463763,0.1,1.0,0.2909,0.03715257850407939,0.08256159732960806,0.02119728722728995,0.0,False,True,False,False,False,False,False,mostly_discrete,,,,,,,,,,,regression,215_2dplanes,ok,3.159095048904419,3.56066788350977,0.0866340000629425,4.331088799919503,21.27580070495605,49.9929449953001,0.031692202092719134,0.0,medium_target_values,weakly_skewed_target
0.0,0.0,0.0,0.0,165566.59323154125,0.0,0.0,0.1275,0.8110277152629675,8.14461618312646,0.12878732096542486,0.0,False,False,False,True,False,False,False,mostly_continuous;scale_unbalanced,,,,,,,,,,,regression,218_house_8L,ok,33800.0,50759.587,50759.587,55452.168557311,500001.0,1.0924471973601952,4.120476113677618,0.003,high_target_values,strongly_skewed_target
0.0,0.0,0.0,0.0,3.311207391335984,0.0,0.0,0.0,0.035719277783314005,0.05270514226540576,0.021143638201447247,0.0,False,False,False,False,False,False,True,mostly_continuous;balanced,,,,,,,,,,,regression,225_puma8NH,ok,4.650120496749878,4.884956555091776,1.3515427572764456,5.552538076816396,22.86056900024414,4.108296276176609,-0.17475773540044154,0.0,medium_target_values,weakly_skewed_target
0.0,0.0,0.0,0.0,87948.76573685241,0.0,0.0,0.03358333333333333,2.9553215212093047,9.540064568266507,0.24940298152438758,0.015151515151515152,False,False,False,True,True,False,False,mostly_continuous;scale_unbalanced;skewed,,,,,,,,,,,regression,227_cpu_small,ok,89.0,84.231,84.231,18.45051866479639,99.0,0.21904665342684018,-3.4281612851947583,0.034,high_target_values,strongly_skewed_target
0.0,0.0,0.0,0.0,3.5756429125581124,0.0,0.0,0.045454545454545456,0.0788915099361586,0.08790587277514254,0.24793928517750544,0.0,False,False,False,False,False,False,True,mostly_continuous;balanced,,,,,,,,,,,regression,228_elusage,ok,38.62099838256836,43.2751274802468,43.2751274802468,23.789848498842886,91.24600410461426,0.5497349143500815,0.8636109864761028,0.0,high_target_values,weakly_skewed_target
0.0,0.0,0.0,0.0,1.178279050105659,0.1,1.0,0.291,0.10818398788794314,0.19717507819014188,0.0590043406393893,0.0,False,True,False,False,False,False,False,mostly_discrete,,,,,,,,,,,regression,229_pwLinear,ok,3.1149998903274536,3.618199989590794,-0.3373000134341419,4.46350429152852,22.90000057220459,13.233039175039316,0.20709864801397992,0.0,medium_target_values,weakly_skewed_target
0.0,0.0,0.0,0.0,840.9404305710228,0.0,0.0,0.06299840510366826,3.1475561282731572,3.7842082835797344,0.460526636911951,0.0,False,False,False,True,True,True,False,mostly_continuous;scale_unbalanced;skewed;redundant,,,,,,,,,,,regression,230_machine_cpu,ok,50.0,105.622009569378,105.622009569378,160.4455092218366,1144.0,1.5190537452939312,3.864819547035671,0.0,high_target_values,strongly_skewed_target
0.0,0.0,0.0,0.0,1.7110415710067122,0.0,0.0,0.0,0.37708285220469895,1.035516209514301,0.4953554571065434,0.2634920634920635,False,False,False,False,False,True,False,mostly_continuous;redundant,,,,,,,,,,,regression,294_satellite_image,ok,3.0,3.736,3.736,2.2118553298079875,6.0,0.5920383645094741,0.3087592003704141,0.0,medium_target_values,weakly_skewed_target
0.0,0.0,0.0,0.0,203.40563683857093,0.2,0.3,0.2118,0.1407385266246757,1.1018221223808788,0.06854782404294453,0.0,False,False,False,True,False,False,False,mostly_continuous;scale_unbalanced,,,,,,,,,,,regression,344_mv,ok,5.954464912414551,9.898955457991223,-9.375040891780285,10.338875090370413,44.250540733337395,1.10280853275361,-0.7202989746928781,0.0,medium_target_values,weakly_skewed_target
0.0,0.0,0.0,0.0,1.0636280569550904,0.0,0.0,0.0,2.1753962875337294,3.4701412597576993,0.2644665254541745,0.14559386973180077,False,False,False,False,True,True,False,mostly_continuous;skewed;redundant,,,,,,,,,,,regression,4544_GeographicalOriginalofMusic,ok,0.5955775082111359,0.7254977906226486,0.01680829512526543,0.9948606759538347,7.360654950141907,59.1886725262944,1.746638776898833,0.0,low_target_values,moderately_skewed_target
0.0,0.0,0.0,0.0,3.0533027170218854,0.75,1.0,0.4166666666666667,0.0,1.9833671742001498e-17,2.312964634635742e-18,0.0,False,True,False,False,False,False,False,mostly_discrete,,,,,,,,,,,regression,485_analcatdata_vehicle,ok,259.5,347.0625,347.0625,281.3622669449773,1086.0,0.8106962490761073,0.9048713380599841,0.0,high_target_values,weakly_skewed_target
0.0,0.0,0.0,0.0,1.929238742187127,0.0,0.0,0.00014285714285714287,0.5116522677489714,0.7073487598219972,0.4951598065711649,0.3076923076923077,False,False,False,False,False,True,False,mostly_continuous;redundant,,,,,,,,,,,regression,503_wind,ok,15.369999885559082,15.765479995727539,15.765479995727539,6.72487459408351,38.03999900817871,0.42655692030344344,0.4911362779896682,0.0,high_target_values,weakly_skewed_target
0.0,0.0,0.0,0.0,2.585107917976417,0.0,0.0,0.0,0.8384025075532402,0.9321584780269888,0.7856695313161597,0.7714398111723053,False,False,False,False,False,True,False,mostly_continuous;redundant,,,,,,,,,,,regression,505_tecator,ok,13.5,18.502083312968413,18.502083312968413,14.332551866515397,57.60000002384186,0.7746452993468419,0.9972191173391461,0.0,medium_target_values,weakly_skewed_target
0.0,0.0,0.0,0.0,3.414846885313853,0.0,0.5,0.0,0.09377510054806859,0.10319875781777613,0.12774830452785166,0.0,False,False,False,False,False,False,True,mostly_continuous;balanced,,,,,,,,,,,regression,519_vinnie,ok,6.0,5.773684210526316,5.773684210526316,3.0678883712044915,15.0,0.5313571472459001,0.1969197247790477,0.02894736842105263,medium_target_values,weakly_skewed_target
0.0,0.0,0.0,0.0,162.76333524692566,0.0,0.0,0.012285714285714285,0.3062650225214488,0.8571821873623419,0.1596118519454348,0.0,False,False,False,True,False,False,False,mostly_continuous;scale_unbalanced,,,,,,,,,,,regression,522_pm10,ok,3.29584002494812,3.270929131269455,3.270929131269455,0.885921193597495,4.700480043888092,0.2708469545023117,-0.2921827312636217,0.0,medium_target_values,weakly_skewed_target
0.0,0.0,0.0,0.0,2.812139026831083,0.0,1.0,0.225,2.133658685677429,3.6960044719518472,0.17416559514335242,0.0,False,True,False,False,True,False,False,mostly_discrete;skewed,,,,,,,,,,,regression,523_analcatdata_neavote,ok,4.0,5.56,5.56,3.947961499305686,9.0,0.7100650178606072,0.1082194741203536,0.0,medium_target_values,weakly_skewed_target
0.0,0.0,0.0,0.0,2186.6397555678404,0.0,0.0,0.039445628997867806,2.6666093926741943,7.474919773216668,0.5636046911945339,0.34065934065934067,False,False,False,True,True,True,False,mostly_continuous;scale_unbalanced;skewed;redundant,,,,,,,,,,,regression,527_analcatdata_election2000,ok,14152.0,43341.20895522388,43341.20895522388,74272.70604756488,385730.0,1.7136740722737234,2.9248891423621597,0.0,high_target_values,strongly_skewed_target
0.0,0.0,0.0,0.0,1.7842202414507051,0.0,0.0,0.0,0.05930349266990436,0.08964431955788671,0.2872438743396442,0.16666666666666666,False,False,False,False,False,True,False,mostly_continuous;redundant,,,,,,,,,,,regression,529_pollen,ok,2.0519500970840454,2.516935497976374,0.039040301071014256,3.207706019166888,19.029800415039062,82.16396726167432,0.10745065523046192,0.0,medium_target_values,weakly_skewed_target
0.0,0.0,0.0,0.0,871.3397797698289,0.0,0.0,0.0,2.3320568017918637,3.319055410044037,0.31616287449352626,0.25,False,False,False,True,True,True,False,mostly_continuous;scale_unbalanced;skewed;redundant,,,,,,,,,,,regression,537_houses,ok,181600.0,209696.547,209696.547,116373.0797320574,470001.0,0.5549594468623149,0.919174496452618,0.0,high_target_values,weakly_skewed_target
0.0,0.0,0.0,0.0,791.7550870153427,0.0,0.0,0.0,0.7819857633010491,3.7667721217675565,0.25998926174463927,0.009523809523809525,False,False,False,True,False,False,False,mostly_continuous;scale_unbalanced,,,,,,,,,,,regression,542_pollution,ok,943.6830139160156,940.358432006836,940.358432006836,61.68571225141085,322.42303466796875,0.06559808489170048,0.09594121773588633,0.0,high_target_values,weakly_skewed_target
0.0,0.0,0.0,0.0,155.47217018897507,0.0,0.0,0.014857142857142857,0.4017850598450173,0.8281918439795428,0.156166637111891,0.0,False,False,False,True,False,False,False,mostly_continuous;scale_unbalanced,,,,,,,,,,,regression,547_no2,ok,3.848020076751709,3.6983678576946257,3.6983678576946257,0.7498456493698479,5.171310067176819,0.20275042349006914,-0.5492649161524699,0.0,medium_target_values,weakly_skewed_target
0.0,0.0,0.0,0.0,3.585685011586675,0.0,0.6666666666666666,0.13333333333333333,9.349246523159213e-18,2.8907870249608285e-16,4.046661348014487e-19,0.0,False,False,False,False,False,False,True,mostly_continuous;balanced,,,,,,,,,,,regression,556_analcatdata_apnea2,ok,0.0,839.4568421052631,839.4568421052631,3111.521387179307,23383.0,3.7065888692692748,4.877689645785746,0.5242105263157895,low_target_values,strongly_skewed_target
0.0,0.0,0.0,0.0,3.585685011586675,0.0,0.6666666666666666,0.13333333333333333,9.349246523159213e-18,2.8907870249608285e-16,4.046661348014487e-19,0.0,False,False,False,False,False,False,True,mostly_continuous;balanced,,,,,,,,,,,regression,557_analcatdata_apnea1,ok,0.0,838.9073684210526,838.9073684210526,3184.0107986871267,23641.0,3.795425953499372,4.884568115208214,0.5726315789473684,low_target_values,strongly_skewed_target
0.0,0.0,0.0,0.0,30.11865841433585,0.0,0.0,0.0,0.6134085649767875,2.01564248399458,0.5240776785982298,0.13186813186813187,False,False,False,False,False,True,False,mostly_continuous;redundant,,,,,,,,,,,regression,560_bodyfat,ok,19.200000762939453,19.150793602305747,19.150793602305747,8.352119200985083,47.5,0.43612392125509913,0.14548049152554618,0.003968253968253968,high_target_values,weakly_skewed_target
0.0,0.0,0.0,0.0,1334.2172320217317,0.0,0.0,0.05468215994531784,2.8044632567259242,3.7413757913284797,0.33916022500809007,0.0,False,False,False,True,True,True,False,mostly_continuous;scale_unbalanced;skewed;redundant,,,,,,,,,,,regression,561_cpu,ok,45.0,99.33014354066985,99.33014354066985,154.38642594867036,1223.0,1.5542756754947873,4.2730721059481755,0.0,high_target_values,strongly_skewed_target
0.0,0.0,0.0,0.0,87948.76573685241,0.0,0.0,0.03358333333333333,2.9553215212093047,9.540064568266507,0.24940298152438758,0.015151515151515152,False,False,False,True,True,False,False,mostly_continuous;scale_unbalanced;skewed,,,,,,,,,,,regression,562_cpu_small,ok,89.0,84.231,84.231,18.45051866479639,99.0,0.21904665342684018,-3.4281612851947583,0.034,high_target_values,strongly_skewed_target
0.0,0.0,0.0,0.0,1.04139006273115,0.0,0.0,0.0004,0.028779303948543195,0.07782236981436425,0.02531902181463551,0.0,False,False,False,False,False,False,True,mostly_continuous;balanced,,,,,,,,,,,regression,564_fried,ok,14.46150016784668,14.267951015651226,14.267951015651226,5.0865913590012575,28.488000571727753,0.3565046833579093,-0.03901726683240824,0.0,medium_target_values,weakly_skewed_target
0.0,0.0,0.0,0.0,49099.990258995385,0.0,0.0,0.18828571428571428,3.4570590626401208,9.954358387524957,0.2486230771046952,0.04285714285714286,False,False,False,True,True,False,False,mostly_continuous;scale_unbalanced;skewed,,,,,,,,,,,regression,573_cpu_act,ok,89.0,84.231,84.231,18.45051866479639,99.0,0.21904665342684018,-3.4281612851947583,0.034,high_target_values,strongly_skewed_target
0.0,0.0,0.0,0.0,252773.44593395863,0.0,0.0,0.12425,2.719432821959641,6.007420305417824,0.15771690119363183,0.016666666666666666,False,False,False,True,True,False,False,mostly_continuous;scale_unbalanced;skewed,,,,,,,,,,,regression,574_house_16H,ok,33800.0,50759.587,50759.587,55452.168557311,500001.0,1.0924471973601952,4.120476113677618,0.003,high_target_values,strongly_skewed_target
0.0,0.0,0.0,0.0,1.0000000058378806,0.0,0.0,0.0,0.063168719005811,0.10906341221196528,0.05066307052247242,0.0,False,False,False,False,False,False,True,mostly_continuous;balanced,,,,,,,,,,,regression,579_fri_c0_250_5,ok,0.745393306016922,0.8321929922578857,1.030974086546621e-09,0.9979979898701244,4.389812469482422,967076598.9965953,-0.0020427568632241846,0.0,medium_target_values,weakly_skewed_target
0.0,0.0,0.0,0.0,1.0000000065676111,0.0,0.0,0.0,0.04348603020011483,0.167817848321704,0.05463275743086921,0.006666666666666667,False,False,False,False,False,False,True,mostly_continuous;balanced,,,,,,,,,,,regression,581_fri_c3_500_25,ok,0.6539109945297241,0.7954866510237625,-2.1248706705279118e-10,0.9989995022477974,5.621810436248779,4679438038.280625,-0.20061135328206978,0.0,low_target_values,weakly_skewed_target
0.0,0.0,0.0,0.0,1.0000000062867962,0.0,0.0,0.0,0.06016352219682633,0.10864095957542227,0.04021948019951817,0.0033333333333333335,False,False,False,False,False,False,True,mostly_continuous;balanced,,,,,,,,,,,regression,582_fri_c1_500_25,ok,0.6947193145751953,0.8102841602091212,1.1478550732135773e-10,0.9989994978584827,4.816995620727539,8628018488.408937,-0.37845881414868754,0.0,medium_target_values,weakly_skewed_target
0.0,0.0,0.0,0.0,1.0000000043130743,0.0,0.0,0.0,0.027381552065100703,0.07133463915111864,0.02673382778956238,0.0008163265306122449,False,False,False,False,False,False,True,mostly_continuous;balanced,,,,,,,,,,,regression,583_fri_c1_1000_50,ok,0.7208961248397827,0.8155787292345776,-1.872249413281679e-09,0.999499875990661,4.858748197555542,533564761.2667193,-0.40326025980266905,0.0,medium_target_values,weakly_skewed_target
0.0,0.0,0.0,0.0,1.0000000043882493,0.0,0.0,0.0,0.07783565681625991,0.43509107929792934,0.055308131043761886,0.006666666666666667,False,False,False,False,False,False,True,mostly_continuous;balanced,,,,,,,,,,,regression,584_fri_c4_500_25,ok,0.7105206251144409,0.8112037125574425,9.220093488693238e-11,0.9989994999151851,5.79101300239563,10718771234.721315,-0.2810750848483202,0.0,medium_target_values,weakly_skewed_target
0.0,0.0,0.0,0.0,1.0000000042974027,0.0,0.0,0.0,0.03485305927044342,0.11155345346033702,0.040460916421647265,0.006666666666666667,False,False,False,False,False,False,True,mostly_continuous;balanced,,,,,,,,,,,regression,586_fri_c3_1000_25,ok,0.6898291110992432,0.8039061142005085,-3.9959559217095375e-11,0.9994998708856432,6.237297296524048,24402114915.05699,-0.15625372266665097,0.0,medium_target_values,weakly_skewed_target
0.0,0.0,0.0,0.0,1.0000000039698256,0.0,0.0,0.0,0.03061926722384274,0.08751011961198939,0.026366251802284475,0.00040404040404040404,False,False,False,False,False,False,True,mostly_continuous;balanced,,,,,,,,,,,regression,588_fri_c4_1000_100,ok,0.6454271376132965,0.7895361099085422,-7.083872333168984e-11,0.9994998740067322,6.440519094467163,13913107411.331573,-0.09409137034467407,0.0,low_target_values,weakly_skewed_target
0.0,0.0,0.0,0.0,1.0000000055441642,0.0,0.0,0.0,0.03515467903484523,0.08261477650842931,0.03487671661221191,0.0033333333333333335,False,False,False,False,False,False,True,mostly_continuous;balanced,,,,,,,,,,,regression,589_fri_c2_1000_25,ok,0.7826180458068848,0.8376792858123081,-6.16186298429966e-10,0.999499877442251,5.001859188079834,1619445992.2147272,-0.47073515159839446,0.0,medium_target_values,weakly_skewed_target
0.0,0.0,0.0,0.0,1.000000004011682,0.0,0.0,0.0,0.03163899452235184,0.08408770927045117,0.025075967827001177,0.0,False,False,False,False,False,False,True,mostly_continuous;balanced,,,,,,,,,,,regression,590_fri_c0_1000_50,ok,0.7042669057846069,0.81536567478301,-2.3655593395233155e-10,0.9994998769107468,5.348433494567871,4207429636.808435,0.062287741554398805,0.0,medium_target_values,weakly_skewed_target
0.0,0.0,0.0,0.0,1.000000011560574,0.0,0.0,0.0,0.13602295318881394,0.24713111799055287,0.10047721545148199,0.022222222222222223,False,False,False,False,False,False,False,mostly_continuous,,,,,,,,,,,regression,591_fri_c1_100_10,ok,0.8029601275920868,0.8375133819691837,5.569308996200562e-09,0.9949874326181477,4.340517997741699,178623382.16727585,-0.08331449404961278,0.0,medium_target_values,weakly_skewed_target
0.0,0.0,0.0,0.0,1.0000000045437605,0.0,0.0,0.0,0.03176550266741151,0.37261037065321273,0.04812379209028371,0.006666666666666667,False,False,False,False,False,False,True,mostly_continuous;balanced,,,,,,,,,,,regression,592_fri_c4_1000_25,ok,0.6300847232341766,0.7807132820736733,7.228809408843518e-10,0.9994998762035393,5.992026090621948,1380751750.3948495,-0.10750519305316504,0.0,low_target_values,weakly_skewed_target
0.0,0.0,0.0,0.0,1.0000000028430933,0.0,0.0,0.0,0.03249748425969226,0.06658280731278379,0.05404309496459903,0.022222222222222223,False,False,False,False,False,False,False,mostly_continuous,,,,,,,,,,,regression,593_fri_c1_1000_10,ok,0.7638266086578369,0.8238886265043402,1.004314980068699e-09,0.9994998745991834,5.081074237823486,994215638.2976425,-0.4258023978843926,0.0,medium_target_values,weakly_skewed_target
0.0,0.0,0.0,0.0,1.0000000154659678,0.0,0.0,0.0,0.04882401505345417,0.6405475884816167,0.3128447076999792,0.1,False,False,False,False,False,True,False,mostly_continuous;redundant,,,,,,,,,,,regression,594_fri_c2_100_5,ok,0.6530636250972748,0.7918034129380248,4.044268280267716e-09,0.9949874288159034,4.397157549858093,245963273.60272262,-0.7585649414679336,0.0,low_target_values,weakly_skewed_target
0.0,0.0,0.0,0.0,1.0000000039248662,0.0,0.0,0.0,0.03898206823646594,0.0941801157568703,0.020451902677855963,0.0,False,False,False,False,False,False,True,mostly_continuous;balanced,,,,,,,,,,,regression,595_fri_c0_1000_10,ok,0.7197876274585724,0.8181272757734986,-7.695634831605958e-10,0.9994998734511436,5.461101293563843,1297102568.826032,-0.05394922499367797,0.0,medium_target_values,weakly_skewed_target
0.0,0.0,0.0,0.0,1.0000000062565708,0.0,0.0,0.0,0.08285569480473393,0.3910296209369982,0.31029016800541775,0.1,False,False,False,False,False,True,False,mostly_continuous;redundant,,,,,,,,,,,regression,596_fri_c2_250_5,ok,0.7527479231357574,0.8384695573244244,1.9278377294540404e-09,0.9979979950491578,4.067332625389099,517408997.03970546,-0.4103772143083801,0.0,medium_target_values,weakly_skewed_target
0.0,0.0,0.0,0.0,1.0000000046831363,0.0,0.0,0.0,0.05357215170112291,0.42018211805748884,0.2946677060127784,0.1,False,False,False,False,False,True,False,mostly_continuous;redundant,,,,,,,,,,,regression,597_fri_c2_500_5,ok,0.7388468682765961,0.8270441141398623,3.7904828786849973e-10,0.998999498032834,4.573383212089539,2628612020.950604,-0.5767444449811425,0.0,medium_target_values,weakly_skewed_target
0.0,0.0,0.0,0.0,1.0000000035257688,0.0,0.0,0.0,0.02559591576402878,0.0559161979541433,0.02606050299101668,0.0,False,False,False,False,False,False,True,mostly_continuous;balanced,,,,,,,,,,,regression,598_fri_c0_1000_25,ok,0.7106991708278656,0.818313860099297,-3.860332071781158e-10,0.9994998731434911,4.867005825042725,2582465417.9699707,0.04754521483382681,0.0,medium_target_values,weakly_skewed_target
0.0,0.0,0.0,0.0,1.0000000012705175,0.0,0.0,0.0,0.06439856294120133,0.4261921221108644,0.2766084937522616,0.1,False,False,False,False,False,True,False,mostly_continuous;redundant,,,,,,,,,,,regression,599_fri_c2_1000_5,ok,0.778380811214447,0.8434897778325249,1.0353978723287583e-09,0.9994998746855757,4.619462013244629,964397845.0474104,-0.47393225230239433,0.0,medium_target_values,weakly_skewed_target
0.0,0.0,0.0,0.0,1.0000000074566122,0.0,0.0,0.0,0.07572874967593309,0.1781641073394812,0.14911272804800965,0.1,False,False,False,False,False,True,False,mostly_continuous;redundant,,,,,,,,,,,regression,601_fri_c1_250_5,ok,0.7451668977737427,0.8342692675804719,-3.5297125577926636e-10,0.9979979995104298,4.855412483215332,2819432321.738501,-0.28270517244684323,0.0,medium_target_values,weakly_skewed_target
0.0,0.0,0.0,0.0,1.000000010242664,0.0,0.0,0.0,0.08080057436218577,0.8145951494555402,0.1648979790950355,0.044444444444444446,False,False,False,False,False,False,False,mostly_continuous,,,,,,,,,,,regression,602_fri_c3_250_10,ok,0.6630695760250092,0.7994342646468431,2.47173011302948e-09,0.9979979925489157,5.678234577178955,403601665.7419247,0.04650726722903484,0.0,low_target_values,weakly_skewed_target
0.0,0.0,0.0,0.0,1.00000000817733,0.0,0.0,0.0,0.06670793750248517,0.14031918232956345,0.04922890395093752,0.0,False,False,False,False,False,False,True,mostly_continuous;balanced,,,,,,,,,,,regression,603_fri_c0_250_50,ok,0.7213290333747864,0.8058270554612391,-2.9276125133037567e-09,0.9979979899073287,5.542198896408081,340775020.7218404,0.10303785777507082,0.0,medium_target_values,weakly_skewed_target
0.0,0.0,0.0,0.0,1.0000000066936916,0.0,0.0,0.0,0.05842271788693289,0.8484891498450288,0.1831158093867104,0.044444444444444446,False,False,False,False,False,False,False,mostly_continuous,,,,,,,,,,,regression,604_fri_c4_500_10,ok,0.6839559674263,0.7978960870553273,1.8696300685405732e-10,0.998999500844608,5.737236499786377,5314872950.613494,-0.27075217713417726,0.0,medium_target_values,weakly_skewed_target
0.0,0.0,0.0,0.0,1.000000008509289,0.0,0.0,0.0,0.08500607020019138,0.14967245609102436,0.06114402138814742,0.0033333333333333335,False,False,False,False,False,False,True,mostly_continuous;balanced,,,,,,,,,,,regression,605_fri_c2_250_25,ok,0.7099253833293915,0.8251363844480365,5.420297384262085e-10,0.9979979946092227,4.578268051147461,1837833039.3130748,-0.4908262152737713,0.0,medium_target_values,weakly_skewed_target
0.0,0.0,0.0,0.0,1.0000000021473066,0.0,0.0,0.0,0.0696326804550275,0.16931752296020056,0.07470056547303251,0.022222222222222223,False,False,False,False,False,False,False,mostly_continuous,,,,,,,,,,,regression,606_fri_c2_1000_10,ok,0.7487133741378784,0.8221827844501204,1.5844962013567e-09,0.9994998706058695,4.979320764541626,630401933.319426,-0.5435443938998208,0.0,medium_target_values,weakly_skewed_target
0.0,0.0,0.0,0.0,1.0000000036547225,0.0,0.0,0.0,0.03177785481917536,0.06594373504301328,0.02997465904527333,0.0016326530612244899,False,False,False,False,False,False,True,mostly_continuous;balanced,,,,,,,,,,,regression,607_fri_c4_1000_50,ok,0.6480814516544342,0.7897628603160338,-9.752766345627606e-10,0.9994998746180374,6.820297956466675,1023787561.0591434,-0.16470469356095457,0.0,low_target_values,weakly_skewed_target
0.0,0.0,0.0,0.0,1.000000003336163,0.0,0.0,0.0,0.02393216042962403,0.8356591165502826,0.1353916409845223,0.044444444444444446,False,False,False,False,False,False,False,mostly_continuous,,,,,,,,,,,regression,608_fri_c3_1000_10,ok,0.6501434147357941,0.7892576365806035,-1.2833752407459542e-09,0.9994998770138463,6.511388301849365,778199271.7590424,-0.16497820800313223,0.0,low_target_values,weakly_skewed_target
0.0,0.0,0.0,0.0,1.0000000028161191,0.0,0.0,0.0,0.05146200268978987,0.05371199525405599,0.024295874199940178,0.0,False,False,False,False,False,False,True,mostly_continuous;balanced,,,,,,,,,,,regression,609_fri_c0_1000_5,ok,0.7131339013576508,0.8097235942715779,-1.0477378964424133e-09,0.9994998736863814,5.169153690338135,953050211.1890302,-0.005866080812194987,0.0,medium_target_values,weakly_skewed_target
0.0,0.0,0.0,0.0,1.0000000113621663,0.0,0.0,0.0,0.2896993074744612,1.1231212844787561,0.5451981067486981,0.2,False,False,False,False,False,True,False,mostly_continuous;redundant,,,,,,,,,,,regression,611_fri_c3_100_5,ok,0.59436896443367,0.7895085430366453,4.746252670884133e-09,0.9949874303370475,4.9416069984436035,209592263.00287488,-0.2530887671743867,0.0,low_target_values,weakly_skewed_target
0.0,0.0,0.0,0.0,1.0000000031058998,0.0,0.0,0.0,0.01680430384901768,0.04058600686158538,0.16053950705848943,0.1,False,False,False,False,False,True,False,mostly_continuous;redundant,,,,,,,,,,,regression,612_fri_c1_1000_5,ok,0.7265838086605072,0.8196067121896194,-9.798677638173103e-10,0.999499876772268,5.273813962936401,1018995540.1148528,-0.36392800672758824,0.0,medium_target_values,weakly_skewed_target
0.0,0.0,0.0,0.0,1.0000000013621893,0.0,0.0,0.0,0.015556639846763353,1.079510481538319,0.5393395574012229,0.2,False,False,False,False,False,True,False,mostly_continuous;redundant,,,,,,,,,,,regression,613_fri_c3_250_5,ok,0.6398704349994659,0.7928445690572262,-8.568167686462403e-10,0.9979979990815625,5.481672763824463,1163416286.0403726,-0.3158271355704679,0.0,low_target_values,weakly_skewed_target
0.0,0.0,0.0,0.0,1.0000000063698828,0.0,0.0,0.0,0.11753953074161377,0.8330741693807641,0.175961909773079,0.044444444444444446,False,False,False,False,False,False,False,mostly_continuous,,,,,,,,,,,regression,615_fri_c4_250_10,ok,0.566884845495224,0.7615028209388256,3.881752490997315e-09,0.9979979971386214,5.863190650939941,257033637.72288197,0.1429717365595536,0.0,low_target_values,weakly_skewed_target
0.0,0.0,0.0,0.0,1.0000000064318606,0.0,0.0,0.0,0.05136560099990544,0.11703364389164733,0.04182409730901176,0.0016326530612244899,False,False,False,False,False,False,True,mostly_continuous;balanced,,,,,,,,,,,regression,616_fri_c4_500_50,ok,0.6751121878623962,0.7941894217038061,1.4959368854761123e-09,0.9989995015408414,5.683606863021851,667362472.8160144,-0.14485635271698213,0.0,low_target_values,weakly_skewed_target
0.0,0.0,0.0,0.0,1.0000000033936742,0.0,0.0,0.0,0.03753966974033805,1.1091462598751285,0.5546863974542675,0.2,False,False,False,False,False,True,False,mostly_continuous;redundant,,,,,,,,,,,regression,617_fri_c3_500_5,ok,0.6102925539016724,0.7878802801854908,3.3527612686157224e-11,0.9989994992294985,6.29079270362854,28933349904.901367,-0.15199718190629574,0.0,low_target_values,weakly_skewed_target
0.0,0.0,0.0,0.0,1.0000000044344741,0.0,0.0,0.0,0.030969361394871275,0.06534310448528317,0.028617336582249825,0.0016326530612244899,False,False,False,False,False,False,True,mostly_continuous;balanced,,,,,,,,,,,regression,618_fri_c3_1000_50,ok,0.6563545763492584,0.7898356543960982,9.848736226558686e-10,0.9994998753657331,5.886373043060303,1013821500.4405497,-0.0702592306926995,0.0,low_target_values,weakly_skewed_target
0.0,0.0,0.0,0.0,1.0000000035997625,0.0,0.0,0.0,0.02726249615378763,0.06922019846267287,0.030482134620731648,0.0033333333333333335,False,False,False,False,False,False,True,mostly_continuous;balanced,,,,,,,,,,,regression,620_fri_c1_1000_25,ok,0.7130553424358368,0.8198691817610525,8.55419784784317e-10,0.9994998724122353,5.34065842628479,1167067704.611649,-0.36432822048065966,0.0,medium_target_values,weakly_skewed_target
0.0,0.0,0.0,0.0,1.0000000113325904,0.0,0.0,0.0,0.10835724094752758,0.24085754994505965,0.07934822767693482,0.0,False,False,False,False,False,False,True,mostly_continuous;balanced,,,,,,,,,,,regression,621_fri_c0_100_10,ok,0.7470949590206146,0.8122278384771198,6.612390268667667e-10,0.9949874290347662,4.554927349090576,1502459668.893757,0.2546483963597276,0.0,medium_target_values,weakly_skewed_target
0.0,0.0,0.0,0.0,1.000000004683865,0.0,0.0,0.0,0.03205639198981157,0.07484809181535379,0.027756560021839474,0.0008163265306122449,False,False,False,False,False,False,True,mostly_continuous;balanced,,,,,,,,,,,regression,622_fri_c2_1000_50,ok,0.7738955318927765,0.8255661067274632,-1.1204974725842476e-09,0.999499875004925,4.72950291633606,891219016.92903,-0.5996882854826604,0.0,medium_target_values,weakly_skewed_target
0.0,0.0,0.0,0.0,1.0000000037535692,0.0,0.0,0.0,0.04410231318789317,0.8707442099030835,0.16806420705690445,0.044444444444444446,False,False,False,False,False,False,False,mostly_continuous,,,,,,,,,,,regression,623_fri_c4_1000_10,ok,0.6390776336193085,0.7865424148268066,7.669441401958466e-10,0.9994998757143961,6.66569447517395,1301526795.2425506,-0.17256420068228517,0.0,low_target_values,weakly_skewed_target
0.0,0.0,0.0,0.0,1.0000000084419682,0.0,0.0,0.0,0.1272310525444986,0.26227732542123994,0.04272492176977537,0.0,False,False,False,False,False,False,True,mostly_continuous;balanced,,,,,,,,,,,regression,624_fri_c0_100_5,ok,0.7691729664802551,0.8490569183975458,-2.4586915969848634e-09,0.9949874331172681,5.091466665267944,404517149.36008346,-0.06322606140564227,0.0,medium_target_values,weakly_skewed_target
0.0,0.0,0.0,0.0,1.0000000057832685,0.0,0.0,0.0,0.05015974248495554,0.12819395553311327,0.03881731986993094,0.0008163265306122449,False,False,False,False,False,False,True,mostly_continuous;balanced,,,,,,,,,,,regression,626_fri_c2_500_50,ok,0.766597330570221,0.8333803890272975,-1.2293457984924317e-09,0.9989995025938085,4.633400917053223,811966443.7574407,-0.5846430115431809,0.0,medium_target_values,weakly_skewed_target
0.0,0.0,0.0,0.0,1.000000005137798,0.0,0.0,0.0,0.0692068400467403,0.18566656274453247,0.08164112886665664,0.022222222222222223,False,False,False,False,False,False,False,mostly_continuous,,,,,,,,,,,regression,627_fri_c2_500_10,ok,0.7171571254730225,0.8198596777431667,8.568167686462402e-11,0.9989994962981794,4.928666830062866,11524921210.954155,-0.5987170364253301,0.0,medium_target_values,weakly_skewed_target
0.0,0.0,0.0,0.0,1.0000000023546276,0.0,0.0,0.0,0.04770488467453818,1.0239888697175845,0.540232489701932,0.2,False,False,False,False,False,True,False,mostly_continuous;redundant,,,,,,,,,,,regression,628_fri_c3_1000_5,ok,0.6803005933761597,0.800777261437237,-4.932808215230011e-10,0.9994998748100302,5.940469264984131,2022129589.6739926,-0.2622909557997933,0.0,medium_target_values,weakly_skewed_target
0.0,0.0,0.0,0.0,1.000000003030601,0.0,0.0,0.0,0.0187345699950669,0.06721710705247058,0.14865070118362095,0.1,False,False,False,False,False,True,False,mostly_continuous;redundant,,,,,,,,,,,regression,631_fri_c1_500_5,ok,0.7267899215221405,0.8167756846449338,1.1972151696681977e-09,0.9989994998875589,4.9937424659729,833739653.0910183,-0.2958562776344121,0.0,medium_target_values,weakly_skewed_target
0.0,0.0,0.0,0.0,1.0000000046392268,0.0,0.0,0.0,0.040441941881665874,0.1058361114269025,0.03801194493090927,0.0,False,False,False,False,False,False,True,mostly_continuous;balanced,,,,,,,,,,,regression,633_fri_c0_500_25,ok,0.6744570732116699,0.8094377182899043,3.809109321295523e-10,0.9989994929000741,5.221595287322998,2615791821.7465224,0.06221530148261452,0.0,low_target_values,weakly_skewed_target
0.0,0.0,0.0,0.0,1.0000000086706395,0.0,0.0,0.0,0.15968112058142747,0.34419494511777715,0.137672033773961,0.022222222222222223,False,False,False,False,False,False,False,mostly_continuous,,,,,,,,,,,regression,634_fri_c2_100_10,ok,0.6700966358184814,0.7946284858044237,1.4249235391616822e-09,0.994987430707834,3.939965605735779,697784560.939922,-0.4553044369234285,0.0,low_target_values,weakly_skewed_target
0.0,0.0,0.0,0.0,1.000000007324471,0.0,0.0,0.0,0.0647144978481285,0.12781390299171946,0.0557688273289419,0.0,False,False,False,False,False,False,True,mostly_continuous;balanced,,,,,,,,,,,regression,635_fri_c0_250_10,ok,0.6332254707813263,0.8008539185039699,-4.2840838432312014e-10,0.9979979958909326,4.735543966293335,2324123217.7245092,-0.072020802062342,0.0,low_target_values,weakly_skewed_target
0.0,0.0,0.0,0.0,1.000000004661947,0.0,0.0,0.0,0.0565786901850586,0.10949658476127092,0.03624463188556556,0.0008163265306122449,False,False,False,False,False,False,True,mostly_continuous;balanced,,,,,,,,,,,regression,637_fri_c1_500_50,ok,0.6769735813140869,0.8099272278898861,1.6507692635059356e-10,0.9989994994097332,5.292175769805908,6015281721.32,-0.280192238949378,0.0,low_target_values,weakly_skewed_target
0.0,0.0,0.0,0.0,1.0000000056012688,0.0,0.0,0.0,0.040449247367342234,0.07010146388659304,0.06407102493428717,0.022222222222222223,False,False,False,False,False,False,False,mostly_continuous,,,,,,,,,,,regression,641_fri_c1_500_10,ok,0.766252189874649,0.8257463342733681,-9.685754776000976e-11,0.9989995011836891,4.8250017166137695,10208711786.173922,-0.2690020295512603,0.0,medium_target_values,weakly_skewed_target
0.0,0.0,0.0,0.0,1.0000000044566588,0.0,0.0,0.0,0.06058230637231625,0.09468760100259507,0.040919572876440255,0.0033333333333333335,False,False,False,False,False,False,True,mostly_continuous;balanced,,,,,,,,,,,regression,643_fri_c2_500_25,ok,0.7031422257423401,0.7973431871464709,4.781177267432213e-10,0.9989994986878128,4.896941661834717,2085081479.8243048,-0.7278214918232688,0.0,medium_target_values,weakly_skewed_target
0.0,0.0,0.0,0.0,1.0000000078681677,0.0,0.0,0.0,0.04309813151230903,0.3806487731623438,0.07063512902053029,0.006666666666666667,False,False,False,False,False,False,True,mostly_continuous;balanced,,,,,,,,,,,regression,644_fri_c4_250_25,ok,0.6682995855808258,0.799260716349585,-1.110835000872612e-09,0.9979979958396811,5.787882089614868,897613400.4203976,-0.16465954805839209,0.0,low_target_values,weakly_skewed_target
0.0,0.0,0.0,0.0,1.0000000055026685,0.0,0.0,0.0,0.052339414866281235,0.12222882871642557,0.04009447270980305,0.0016326530612244899,False,False,False,False,False,False,True,mostly_continuous;balanced,,,,,,,,,,,regression,645_fri_c3_500_50,ok,0.6265856325626373,0.7799617556612939,-1.43423676313148e-09,0.9989995009849426,6.7282326221466064,696052056.808571,-0.011297351083267095,0.0,low_target_values,weakly_skewed_target
0.0,0.0,0.0,0.0,1.0000000037965857,0.0,0.0,0.0,0.08370520306766101,0.7425272205951231,0.1437268210951889,0.044444444444444446,False,False,False,False,False,False,False,mostly_continuous,,,,,,,,,,,regression,646_fri_c3_500_10,ok,0.636419802904129,0.7867219345443882,3.5529956221580506e-10,0.9989994950967551,5.916249990463257,2803819036.10557,-0.002095614129177292,0.0,low_target_values,weakly_skewed_target
0.0,0.0,0.0,0.0,1.0000000075578808,0.0,0.0,0.0,0.07167221346415627,0.19097830715526334,0.10509202313729929,0.022222222222222223,False,False,False,False,False,False,False,mostly_continuous,,,,,,,,,,,regression,647_fri_c1_250_10,ok,0.7579823136329651,0.8344482743944973,-2.4940818548202514e-09,0.9979979982070949,4.920379877090454,399986075.1177608,-0.4796827538344245,0.0,medium_target_values,weakly_skewed_target
0.0,0.0,0.0,0.0,1.0000000076210431,0.0,0.0,0.0,0.05335601972608832,0.1471350224145798,0.052405267603890276,0.0008163265306122449,False,False,False,False,False,False,True,mostly_continuous;balanced,,,,,,,,,,,regression,648_fri_c1_250_50,ok,0.7773450314998627,0.8501358906747774,1.4426186680793762e-09,0.9979979996533496,4.74370265007019,691316911.9523158,-0.3591525424403667,0.0,medium_target_values,weakly_skewed_target
0.0,0.0,0.0,0.0,1.0000000033752523,0.0,0.0,0.0,0.03426899659696544,0.11803040347758997,0.03342087497263395,0.0,False,False,False,False,False,False,True,mostly_continuous;balanced,,,,,,,,,,,regression,649_fri_c0_500_5,ok,0.6884797811508179,0.8074152975047473,-6.884802132844925e-10,0.9989995014743656,5.718319416046143,1448916853.9230576,0.036728671093417986,0.0,medium_target_values,weakly_skewed_target
0.0,0.0,0.0,0.0,1.0000000046597783,0.0,0.0,0.0,0.04994438584026198,0.10010263885142236,0.03722288123174215,0.0,False,False,False,False,False,False,True,mostly_continuous;balanced,,,,,,,,,,,regression,650_fri_c0_500_50,ok,0.7073162794113159,0.8147808512644842,-2.132728695869446e-10,0.9989994981669305,5.241919279098511,4662277123.990122,0.02566125507317758,0.0,medium_target_values,weakly_skewed_target
0.0,0.0,0.0,0.0,1.000000009731548,0.0,0.0,0.0,0.09279567717697634,0.17036767221336052,0.07965637072777955,0.0,False,False,False,False,False,False,True,mostly_continuous;balanced,,,,,,,,,,,regression,651_fri_c0_100_25,ok,0.745801568031311,0.8347514994442463,2.5331974033704354e-09,0.9949874417120707,4.506368398666382,392624284.2758642,0.1316534301792375,0.0,medium_target_values,weakly_skewed_target
0.0,0.0,0.0,0.0,1.000000006965858,0.0,0.0,0.0,0.07077556212245713,0.18711418343039493,0.055735757529034376,0.0,False,False,False,False,False,False,True,mostly_continuous;balanced,,,,,,,,,,,regression,653_fri_c0_250_25,ok,0.6183690130710602,0.7907473018243909,2.522021532058716e-09,0.9979979951043634,5.105267286300659,395556669.8196288,0.08213967150230163,0.0,low_target_values,weakly_skewed_target
0.0,0.0,0.0,0.0,1.0000000044756407,0.0,0.0,0.0,0.049744079163972374,0.09518992872842463,0.03715293893277936,0.0,False,False,False,False,False,False,True,mostly_continuous;balanced,,,,,,,,,,,regression,654_fri_c0_500_10,ok,0.7142651677131653,0.8218894758054521,-3.634486347436905e-10,0.9989995006995369,5.35991644859314,2741125649.7149825,0.032585806202823996,0.0,medium_target_values,weakly_skewed_target
0.0,0.0,0.0,0.0,1.0000000080661262,0.0,0.0,0.0,0.33601692385071597,0.37277938060664617,0.15274358936734256,0.1,False,False,False,False,False,True,False,mostly_continuous;redundant,,,,,,,,,,,regression,656_fri_c1_100_5,ok,0.6677964329719543,0.7964533033780754,-8.940696716308593e-10,0.9949874457529715,4.362832427024841,1111631281.1046958,-0.5052726684652945,0.0,low_target_values,weakly_skewed_target
0.0,0.0,0.0,0.0,1.0000000113653869,0.0,0.0,0.0,0.04489475426393632,0.21150752638494819,0.10859093845392274,0.022222222222222223,False,False,False,False,False,False,False,mostly_continuous,,,,,,,,,,,regression,657_fri_c2_250_10,ok,0.7536009550094604,0.831046209204942,-1.601874828338623e-10,0.9979980002652934,4.280235767364502,6191535364.405069,-0.6416658707463002,0.0,medium_target_values,weakly_skewed_target
0.0,0.0,0.0,0.0,1.0000000078813587,0.0,0.0,0.0,0.06231437050423295,0.1946416085157425,0.0698440848342794,0.006666666666666667,False,False,False,False,False,False,True,mostly_continuous;balanced,,,,,,,,,,,regression,658_fri_c3_250_25,ok,0.6797614395618439,0.8018995051123202,-2.9392540454864503e-09,0.9979979984041003,6.519732475280762,339425771.70707935,-0.25844045979028135,0.0,medium_target_values,weakly_skewed_target
0.0,0.0,0.0,0.0,17.07576880278504,0.0,0.0,0.04559270516717325,0.6996061085284804,1.0959170280603123,0.450515133423406,0.0,False,False,False,False,False,True,False,mostly_continuous;redundant,,,,,,,,,,,regression,659_sleuth_ex1714,ok,10694.0,10695.829787234043,10695.829787234043,2724.740497650786,15897.0,0.25474792997387513,1.1928667078845951,0.0,high_target_values,moderately_skewed_target
0.0,0.0,0.0,0.0,2.180478809822401,0.0,0.5,0.041666666666666664,2.960594732333751e-17,2.960594732333751e-17,4.806184496452819e-18,0.0,False,False,False,False,False,False,True,mostly_continuous;balanced,,,,,,,,,,,regression,663_rabe_266,ok,43.5,56.11666666666667,-46.55,52.1941647440912,193.0,1.121249511151237,-0.16694336840664734,0.0,high_target_values,weakly_skewed_target
0.0,0.0,0.0,0.0,28.046328641766983,0.6666666666666666,0.6666666666666666,0.46258503401360546,0.7711714070062408,1.0138908179768569,0.17667352702886402,0.0,False,False,False,False,False,False,False,mostly_continuous,,,,,,,,,,,regression,665_sleuth_case2002,ok,15.0,15.680272108843537,15.680272108843537,9.605119379440513,45.0,0.6125607586887919,0.26157749897263693,0.11564625850340136,high_target_values,weakly_skewed_target
0.0,0.0,0.0,0.0,6.477311243317499,0.0,0.0,0.0,0.7265005684169125,1.0574813639283724,0.42588777524978644,0.13333333333333333,False,False,False,False,False,True,False,mostly_continuous;redundant,,,,,,,,,,,regression,666_rmftsa_ladata,ok,7.760000228881836,8.386515750659733,8.386515750659733,2.8635789828354974,26.28000020980835,0.3414503791529742,2.740681647921071,0.0,medium_target_values,strongly_skewed_target
0.0,0.0,0.0,0.0,7.170748331952529,0.0,0.0,0.0,0.48624663090192005,1.0957322865036192,0.4469902487889183,0.0,False,False,False,False,False,True,True,mostly_continuous;redundant;balanced,,,,,,,,,,,regression,678_visualizing_environmental,ok,9.699999809265137,9.938738754203728,9.938738754203728,3.5431490040313247,18.40000081062317,0.35649885681242444,0.45371897087665647,0.0,medium_target_values,weakly_skewed_target
0.0,0.0,0.0,0.0,3.1468280405714917,0.0,0.0,0.0,0.23327018910040384,0.44564164942718126,0.250949751082405,0.0,False,False,False,False,False,False,True,mostly_continuous;balanced,,,,,,,,,,,regression,687_sleuth_ex1605,ok,107.0,106.43548387096774,106.43548387096774,15.241730669386826,66.0,0.14320159137778063,-0.4832009180908504,0.0,high_target_values,weakly_skewed_target
0.0,0.0,0.0,0.0,2.664728330049769,0.0,0.25,0.0,0.02169485893064729,0.43589281508635047,0.25575485820533467,0.16666666666666666,False,False,False,False,False,True,False,mostly_continuous;redundant,,,,,,,,,,,regression,690_visualizing_galaxy,ok,1586.0,1593.6253869969041,1593.6253869969041,94.12207460662884,366.0,0.05906160592985812,0.15438522568746976,0.0,high_target_values,weakly_skewed_target
0.0,0.0,0.0,0.0,1.3491063573257474,0.0,0.0,0.021631205673758865,1.0316095671503889,1.2603508790227882,0.748700997402412,0.7727272727272727,False,False,False,False,False,True,False,mostly_continuous;redundant,,,,,,,,,,,regression,695_chatfield_4,ok,41.20000076293945,51.51446809844768,51.51446809844768,44.96997069020346,239.3999938964844,0.8729580708134633,1.288194913257339,0.02553191489361702,high_target_values,moderately_skewed_target
0.0,0.0,0.0,0.0,2504.4625524565927,0.16666666666666666,0.3333333333333333,0.07885304659498207,0.6227716465813371,0.8745681572062022,0.2961282880664762,0.0,False,False,False,True,False,False,False,mostly_continuous;scale_unbalanced,,,,,,,,,,,regression,706_sleuth_case1202,ok,70.0,100.9274193548387,100.9274193548387,90.45670101729151,381.0,0.8962549681297672,1.1460834208009536,0.03225806451612903,high_target_values,moderately_skewed_target
0.0,0.0,0.0,0.0,5.287630827477081,0.0,0.0,0.0,0.3279947180755382,0.5412230379115327,0.08355433809491025,0.0,False,False,False,False,False,False,True,mostly_continuous;balanced,,,,,,,,,,,regression,712_chscase_geyser1,ok,75.0,71.009009009009,71.009009009009,12.770317142453345,53.0,0.17984080218374798,-0.4822300798377305,0.0,high_target_values,weakly_skewed_target
0.0,0.0,0.0,0.0,1.014794236873812,0.0,0.0,0.0,0.0684035421872676,0.11250997469778572,0.19616833502613534,0.0,False,False,False,False,False,False,True,mostly_continuous;balanced,,,,,,,,,,,regression,banana,ok,0.0,0.45,0.45,0.4974937185533101,1.0,1.1055415967826767,0.20100756305184253,0.55,low_target_values,weakly_skewed_target
0.0,0.0,0.0,0.0,62.100322723093065,0.125,0.625,0.558875,1.827788791971607,4.794178948430978,0.16226118831573852,0.0,False,False,True,False,False,False,False,mostly_continuous;sparse,,,,,,,,,,,regression,titanic,ok,0.0,0.303,0.303,0.4595552197505758,1.0,1.5166838935612512,0.8573507231924034,0.697,low_target_values,weakly_skewed_target
